Fecha,Ubicación,Aeronave,Número de la cola,Fatalidades,Personas
1932-02-23,Nizhne-Tambov,YuG-1,URSS-L718,16 - 16,16 - 16
1932-10-05,Moscú,hormiga-9,URSS-L128,4 - 11,4 - 11
1933-08-02,goychay,K-5,URSS-L481,4 - 5,4 - 5
1933-02-15,Región de Moscú,K-5,URSS-L455,2 - 2,2 - 2
1933-11-05,Kontuganovo,K-5,URSS-L463,1 - 4,1 - 4
1933-05-09,Policía,Limusina R-6,URSS-J5,8 - 8,8 - 8
1933-11-17,Bataysk,K-5,URSS-L406,3 - 3,3 - 3
1934-07-27,Baljash,hormiga-9,URSS-L130,10 - 10,10 - 10
1934-08-15,Irkutsk,Savoia-Marchetti SM.62bis,URSS-X2,6 - 7,6 - 7
1934-04-09,bahía de olga,Saboya-Marchetti S.55,URSS-L997,2 - 13,2 - 13
1935-06-26,Lázarev,Savoia-Marchetti S.55P,URSS-L840,12 - 12,12 - 12
1936-06-21,Aleksandrovsk-Sakhalin,Saboya-Marchetti S.55,URSS-L996,1 - 7,1 - 7
1936-07-27,Club,hormiga-9,URSS-L192,6 - 6,6 - 6
1936-04-08,Malmyzh,hormiga-7,URSS-L2122,6 - 10,6 - 10
1937-10-02,ASSR checheno-ingush,hormiga-9,CCCP-Л167,1 - 2,1 - 2
1937-06-27,Aeropuerto de Zaporozhye,hormiga-9,CCCP-Л176,11,11
1937-06-27,Aeropuerto de Zaporozhye,PL-5,CCCP-И93,11,11
1937-06-08,Vamos,douglas dc-2-152,URSS-M25,6 - 6,6 - 6
1937-12-11,Chardzhou,PS-9,CCCP-Л163,11 - 11,11 - 11
1938-09-04,Duda,PS-9,URSS-L190,3 - 3,3 - 3
1940-07-08,Novosibirsk,PS-84,CCCP-Л3409,18 - 21,18 - 21
1940-11-23,Krai de Ordzhonikidze,PS-84,CCCP-Л3405,4,4
1941-03-14,Begovat,G-2,CCCP-Л1496,6 - 6,6 - 6
1941-04-25,Moscú,douglas dc-3-196a,URSS-C,0 - 3,0 - 3
1941-06-29,el sedujo,PS-84,CCCP-Л3433,0,0
1941-02-07,Desconocido,PS-84,CCCP-Л3467,3 - 4,3 - 4
1941-07-07,Rogachov,PS-84,CCCP-Л3470,0,0
1941-08-07,Arriba,PS-84,CCCP-Л3466,0,0
1941-07-13,Aeropuerto Velikiye Luki,PS-84,CCCP-Л3939,4 - 4,4 - 4
1941-07-19,Yelnya,PS-84,CCCP-Л3427,3 - 5,3 - 5
1941-07-26,Lago Sabro,PS-84,CCCP-Л3400[nota 1],0 - 24,0 - 24
1941-07-26,Nikoláyev,PS-84,CCCP-Л3469,10 - 10,10 - 10
1941-07-27,Vyazma,PS-84,CCCP-Л3421,1 - 4,1 - 4
1941-02-08,Aeropuerto de Kiev,douglas dc-3-196a,URSS-B,0 - 0,0 - 0
1941-02-08,Umán,PS-84,CCCP-Л3431,4,4
1970-01-01,No especificado,Li-2,CCCP-Л3429,0,0
1941-08-08,Bereznegovatoye,PS-84,CCCP-Л3919,0,0
1941-10-08,Voymark,PS-84,CCCP-Л3426,0 - 4,0 - 4
1941-08-19,Yastrebovo,PS-84,CCCP-Л3483,3 - 4,3 - 4
1941-08-27,Kizyl Arvat,G-2,CCCP-Л1996,6 - 9,6 - 9
1941-06-09,Leningrado,PS-84,CCCP-Л3923,0 - 5,0 - 5
1941-10-09,Yedrovo,PS-84,CCCP-Л3908,0 - 0,0 - 0
1941-03-10,Vyazma-Dvoyevka,PS-84,CCCP-Л3926,1,1
1941-09-10,Kozelsk,PS-84,CCCP-Л3917,0 - 17,0 - 17
1941-09-10,Tijvin,PS-84,CCCP-Л3462,0 - 4,0 - 4
1941-10-10,Sevsk,PS-84,CCCP-Л3491,1 - 6,1 - 6
1941-12-10,área de kursk,PS-84,CCCP-Л3494,0 - 6,0 - 6
1941-12-10,Dmitrovsk,PS-84,CCCP-Л3970,0 - 6,0 - 6
1941-12-10,Medyn,PS-84,CCCP-Л3978,0 - 6,0 - 6
1941-12-10,Sevsk,PS-84,CCCP-Л3496,2 - 6,2 - 6
1941-12-10,Mozhaysk,PS-84,CCCP-Л3925,3 - 7,3 - 7
1941-12-10,Gorlovo,PS-84,CCCP-Л3936,6 - 6,6 - 6
1941-10-13,área de kursk,PS-84,CCCP-Л3449,0 - 6,0 - 6
1941-10-13,ladoga,PS-84,CCCP-Л3957,0,0
1941-10-13,Chornoye,PS-84,CCCP-Л3419,2,2
1941-10-27,Región de Tijvin,PS-84,CCCP-Л3930,0 - 9,0 - 9
1941-10-27,Podborovye,PS-84,CCCP-Л3472,16 - 17,16 - 17
1941-11-14,Akchernya,PS-84,CCCP-Л3488,14 - 14,14 - 14
1941-11-14,Aeródromo de Komendantskiy,PS-84,CCCP-Л3951,0,0
1941-11-15,Aeródromo de Podborovye,PS-84,CCCP-Л3927,0,0
1941-11-17,Novaya Ládoga,PS-84,CCCP-Л3985,0 - 5,0 - 5
1941-11-19,Aeródromo de Komendatskiy,PS-84,CCCP-Л3955,5 - 5,5 - 5
1941-11-29,Aeropuerto de Sarátov,PS-84,CCCP-Л3989,1 - 4,1 - 4
1941-11-30,lago ladoga,PS-84,CCCP-Л3987,36 - 36,36 - 36
1941-06-12,Aeropuerto de Sarátov,PS-84,CCCP-Л3973,0 - 11,0 - 11
1941-09-12,Aeropuerto de Jvoinaya,PS-84,CCCP-Л3922,5 - 6,5 - 6
1941-12-18,Campo Khodynka,Lockheed Modelo 14-H Súper Electra,CCCP-Л3453,2 - 3,2 - 3
1941-12-21,Jvoinaya,PS-84,CCCP-Л3958,0 - 5,0 - 5
1941-12-26,Dmitriyevka,G-2,CCCP-Л3043,26 - 34,26 - 34
1941-12-29,Aeropuerto de Chardzhou,G-2,CCCP-Л2010,7 - 36,7 - 36
1942-01-13,Smelovka,PS-84,CCCP-Л3438,2 - 6,2 - 6
1942-01-13,Aeropuerto de Kaluga,PS-84,CCCP-Л3477,1,1
1942-01-18,Distrito de Vyazemsky,PS-84,CCCP-Л3450,0 - 0,0 - 0
1942-01-20,pérdida,PS-84,CCCP-Л3967,20 - 26,20 - 26
1942-01-21,Plesnevo,PS-84,CCCP-Л3404,0 - 5,0 - 5
1942-01-21,Región de Smolensk,PS-84,CCCP-Л3992,0 - 6,0 - 6
1942-01-21,Región de Smolensk,PS-84,CCCP-Л3992,0 - 6,0 - 6
1942-01-22,Distrito de Vyazemsky,PS-84,CCCP-Л3968,0,0
1942-01-22,Yudiño,PS-84,CCCP-Л3979,0 - 27,0 - 27
1942-01-25,Aeropuerto Molotov,PS-84,CCCP-Л3479,0 - 9,0 - 9
1942-01-28,Desconocido,PS-84,CCCP-Л3476,5 - 5,5 - 5
1942-01-28,Peremyshl,PS-84,CCCP-Л3977,3,3
1942-01-28,Peremyshl,PS-84,CCCP-Л3934,0,0
1942-01-28,Región de Smolensk,PS-84,CCCP-Л3487,1,1
1942-01-29,Desconocido,PS-84,CCCP-Л3963,5 - 5,5 - 5
1942-01-29,Krivoi Rog,PS-84,CCCP-Л3964,0 - 5,0 - 5
1942-01-29,Aeropuerto de Péremyshl,PS-84,CCCP-Л3905,0 - 0,0 - 0
1942-01-29,Desconocido,PS-84,CCCP-Л3485,0,0
1942-01-31,Región de Smolensk,PS-84,CCCP-Л3986,5 - 6,5 - 6
1942-02-02,Región de Kalinin[nota 2],PS-84,CCCP-Л3920,6 - 6,6 - 6
1942-04-03,Gryadki,PS-84,CCCP-Л3471,0,0
1942-04-03,Gryadki[nota 3],PS-84,CCCP-Л3497,2,2
1970-01-01,No especificado,PS-84,CCCP-Л3996,0,0
1942-08-03,Región de Samarcanda,G-2,CCCP-Л1497,23 - 23,23 - 23
1942-03-21,Medyn,PS-84,CCCP-Л3975,6 - 6,6 - 6
1942-03-26,Jvoinaya,PS-84,CCCP-Л3984,6 - 6,6 - 6
1942-04-19,Medyn,PS-40,CCCP-Л3541,3 - 3,3 - 3
1942-03-05,Vypolzovo,PS-84,CCCP-Л3980,4 - 5,4 - 5
1942-12-05,Desconocido,PS-84,CCCP-Л3999,27 - 27,27 - 27
1942-05-16,Jvoinaya,PS-7,CCCP-Л3772,13 - 13,13 - 13
1942-05-26,Desconocido,PS-84,CCCP-Л3935,0 - 7,0 - 7
1942-06-06,Aeropuerto de Kubinka,PS-84,CCCP-Л3952,1 - 6,1 - 6
1942-12-06,Leningrado,PS-84,CCCP-Л3933,0 - 3,0 - 3
1942-06-13,Desconocido,PS-84,CCCP-Л3961,0 - 6,0 - 6
1942-06-14,Vyazma,PS-84,CCCP-Л4001,6 - 6,6 - 6
1942-06-18,Campo Khodynka,PS-84,CCCP-Л3423,13,13
1942-06-18,Yelets,PS-84,CCCP-Л3484,5 - 7,5 - 7
1942-06-19,Novosibirsk,PS-84,CCCP-Л3447,1 - 4,1 - 4
1942-06-26,Iventsevo,PS-84,CCCP-Л3948,4 - 4,4 - 4
1942-06-28,Aeropuerto de Sebastopol,PS-84,CCCP-Л3997,0 - 6,0 - 6
1942-06-07,Khlevnoe,PS-84,CCCP-Л3945,0 - 8,0 - 8
1942-06-07,Khlevnogo,PS-84,CCCP-Л3954,0 - 8,0 - 8
1942-08-07,Yelets,PS-84,CCCP-Л3437,0 - 6,0 - 6
1942-11-07,Novokhopersk,PS-84,CCCP-Л3981,0 - 6,0 - 6
1942-07-16,Base aérea de Monino,PS-84,CCCP-Л3460,0,0
1942-07-23,Desconocido,PS-84,CCCP-Л3461,0,0
1942-07-27,Paskovayka,PS-84,CCCP-Л3983,0 - 33,0 - 33
1942-07-30,Desconocido,PS-84,CCCP-Л3459,0,0
1942-01-08,Desconocido,PS-84,CCCP-Л3419,0,0
1942-10-08,Aeropuerto de Stalingrado,PS-84,CCCP-Л3492,0,0
1942-11-08,Achjoy-Martan,PS-84,CCCP-Л3493,5 - 24,5 - 24
1942-12-08,Zhirkov,PS-84,CCCP-Л3921,6 - 6,6 - 6
1942-08-13,Aeropuerto de Verkhnyaya Akhtuba,PS-84,CCCP-Л4007,3 - 7,3 - 7
1942-08-25,Aeropuerto de Taskent,PS-84,CCCP-Л3432,0,0
1942-10-13,Desconocido,PS-84,CCCP-Л3462,0,0
1942-11-17,Krasnoyarsk,PS-84,CCCP-Л3965,20 - 20,20 - 20
1942-08-12,Mocoso del monte Menshy,Li-2,CCCP-Л5805,8 - 8,8 - 8
1942-12-14,Tashkent,PS-124,CCCP-Л760,36 - 36,36 - 36
1942-12-22,yanaul,PS-84,CCCP-Л3903,10 - 12,10 - 12
1970-01-01,Moscú,PS-84,CCCP-Л3420,0,0
1943-01-23,Miakinino,PS-84,CCCP-Л3443,5 - 10,5 - 10
1943-02-03,Día del monte Ketan,Li-2,CCCP-Л3495,2 - 6,2 - 6
1943-05-03,Berdigestyakh,PS-84,CCCP-Л3913,3 - 11,3 - 11
1943-03-27,cerca deAeródromo de Khodynka,PS-84,CCCP-Л3440,2 - 14,2 - 14
1943-04-29,Aeropuerto de Sujumi,PS-7,CCCP-Л3759,5 - 7,5 - 7
1943-11-05,Molotov,PS-84,CCCP-Л3931,1 - 5,1 - 5
1943-05-20,Sochi,PS-84,CCCP-Л3909,6 - 6,6 - 6
1943-05-24,Aeródromo de Zavodskoy,DC-3-196,URSS-B,1 - 20,1 - 20
1943-05-29,Yegorevsk,Li-2,CCCP-Л3499,0 - 14,0 - 14
1943-02-06,Briansk,Li-2,CCCP-Л4024,7 - 7,7 - 7
1943-07-18,Osipovka,PS-84,CCCP-Л4000,0 - 15,0 - 15
1943-07-30,Zhúkovka,PS-84,CCCP-Л3489,1 - 6,1 - 6
1943-07-30,Región de Mogilev,PS-84,CCCP-Л3912,5 - 7,5 - 7
1943-08-08,Aeródromo de Balashov,PS-84,CCCP-Л3982,6 - 6,6 - 6
1943-08-21,Ajtirka,Li-2,CCCP-Л4034,0,0
1943-08-22,recítalo,PS-84,CCCP-Л3956,5 - 6,5 - 6
1943-08-27,Región de Vítebsk,Li-2,CCCP-Л4047,6 - 6,6 - 6
1943-08-28,Aeropuerto de Jvoinaya,PS-84,CCCP-Л3959,2,2
1943-09-14,Toropa,PS-84,CCCP-Л4012,6 - 6,6 - 6
1943-09-19,Aeródromo de Yakhnovo,PS-84,CCCP-Л4008,17 - 17,17 - 17
1943-09-20,Desconocido,Li-2,CCCP-Л4029,5 - 5,5 - 5
1943-10-24,Asha,Junkers Ju 52 - 3m,CCCP-Л37,5 - 5,5 - 5
1943-12-18,ramenye,douglas c-47a,CCCP-Л825,14 - 14,14 - 14
1943-12-21,Aeropuerto de Vnúkovo,Li-2,CCCP-Л4032,3 - 7,3 - 7
1944-01-13,Svoryn,C-47A,CCCP-Л837,0 - 18,0 - 18
1944-12-02,Novoyuryevka,Li-2,CCCP-Л4068,6 - 6,6 - 6
1944-02-14,Desconocido,C-47A,CCCP-Л846,5 - 5,5 - 5
1944-02-17,tartú,C-47A,CCCP-Л847,6 - 6,6 - 6
1944-02-27,Desconocido,Li-2,CCCP-Л4076,0,0
1944-04-03,Aeropuerto de Vnúkovo,C-47A,CCCP-Л875,0 - 5,0 - 5
1944-08-03,Novoyuryevka,Li-2,CCCP-Л4064,8 - 8,8 - 8
1944-03-20,Yanovshchina,PS-84,CCCP-Л3990,7 - 8,7 - 8
1944-11-04,Kolomyya,C-47A,CCCP-Л853,0,0
1944-04-14,recítalo,C-47A,CCCP-Л877,0,0
1944-05-16,kiev,Li-2,CCCP-Л4063,0,0
1944-05-18,ploskin,C-47A,CCCP-Л833,3 - 6,3 - 6
1944-05-30,Novy Dvor,douglas c-47,CCCP-Л843,8 - 8,8 - 8
1944-06-27,Lago Palik,C-47A,CCCP-Л882,2 - 5,2 - 5
1944-07-13,Avgustova,C-47A,CCCP-Л876,6 - 6,6 - 6
1944-07-20,Kok-Su,Ju 52 - 3m,CCCP-Л40,6 - 6,6 - 6
1944-09-30,Vyatskiye Polianía,PS-84,CCCP-Л3436,0 - 19,0 - 19
1944-10-13,Hronská Breznica,Li-2,Desconocido,3 - 6,3 - 6
1944-11-11,Builya,C-47A,CCCP-Л835,1 - 15,1 - 15
1944-11-13,Stanislav,Li-2,Desconocido,4 - 8,4 - 8
1944-11-15,Fuera deMemel,C-47,CCCP-Л928,7 - 7,7 - 7
1944-11-25,Fuerade la península de Absheron,Li-2,CCCP-Л4111,7 - 7,7 - 7
1944-07-12,Orlovka,Li-2,CCCP-Л4161,16 - 16,16 - 16
1944-12-21,Desconocido,C-47A,CCCP-Л870,6 - 6,6 - 6
1945-01-13,Aeródromo de Zavodskoy,C-47A,CCCP-Л866,6 - 6,6 - 6
1945-01-14,Stalinabad,Ju 52 - 3m,CCCP-Л46,3 - 3,3 - 3
1945-01-22,Shelkóvskaya,C-47B,CCCP-Л963,6 - 6,6 - 6
1945-01-22,Aeropuerto de Minsk-1,C-47A,CCCP-Л901,0 - 6,0 - 6
1945-04-03,Tolva,C-47A,CCCP-Л915,5 - 5,5 - 5
1945-03-15,Aeropuerto de Chardzhou,Ju 52 - 3m,CCCP-Л41,0 - 7,0 - 7
1945-01-04,Turovets,Li-2,CCCP-Л4038,0 - 9,0 - 9
1945-04-19,Kielce,PS-84,CCCP-Л3976,11 - 13,11 - 13
1945-03-05,Gleiwitz,Li-2,Desconocido,0,0
1945-05-23,Bedi-Kho,PR-5,CCCP-Л3396,6 - 6,6 - 6
1945-04-12,Aeropuerto de Severny,C-47B,CCCP-Л950,16 - 16,16 - 16
1970-01-01,Taldi-Kurgan,Ju 52 - 3m,CCCP-Л26 - 28,4 - 4,4 - 4
1946-01-14,Netrubezh,Li-2,CCCP-Л4150,22 - 22,22 - 22
1946-01-27,gerelde,Li-2,CCCP-Л4131,0,0
1946-01-31,Solntsevo,C-47A,CCCP-Л854,3 - 5,3 - 5
1946-06-02,Aeropuerto de Darvaza,Ju 52 - 3m,CCCP-Л35,6 - 6,6 - 6
1946-02-20,Aeropuerto de Minsk-1,PS-84,CCCP-Л4162,0 - 5,0 - 5
1946-03-22,Distrito Nacional de Chukotka,Li-2,Desconocido,0,0
1946-03-22,Bakovka,C-47A,CCCP-Л893,5 - 5,5 - 5
1946-02-04,Monte Guram,C-47A,CCCP-Л924,6 - 6,6 - 6
1946-04-28,Kazán,Ju 52 - 3m,CCCP-Л27,0,0
1946-10-31,Tashauz,Li-2,CCCP-Л4278,0 - 16,0 - 16
1946-05-11,Aeropuerto de Vnúkovo,C-47B,CCCP-Л946,13 - 26,13 - 26
1946-05-11,Distrito de Odintsovsky,Li-2,CCCP-Л4181,5 - 5,5 - 5
1946-05-11,Aeropuerto de Vnúkovo,Li-2,CCCP-Л4207,1 - 26,1 - 26
1946-09-11,Ufá,Li-2,CCCP-Л4145,6 - 7,6 - 7
1946-04-12,Mashad,Li-2,Desconocido,24,24
1947-05-03,Montañas del Cáucaso,douglas c-47b,CCCP-Л952,23 - 23,23 - 23
1947-04-22,Volochanka,C-47,CCCP-Л1204,9 - 34,9 - 34
1947-05-16,Jabárovsk,C-47A,CCCP-Л1048,22 - 22,22 - 22
1947-06-16,Aeropuerto de Leninabad,Li-2,CCCP-Л4088,3 - 7,3 - 7
1947-06-21,El golfo de Karkinyts,Li-2,CCCP-Л4138,8 - 29,8 - 29
1947-01-07,Moscú,Il-12P,CCCP-Л1317,4 - 6,4 - 6
1947-06-08,Banco Severo-Vostochny,Li-2,CCCP-Л4017,4 - 6,4 - 6
1947-09-19,Aeropuerto de Vnúkovo,Il-12P,CCCP-Л1332,0 - 0,0 - 0
1947-11-24,Aeropuerto de Koltsovo,Il-12P,CCCP-Л1356,0 - 6,0 - 6
1947-12-18,Carpa Cálida,C-47,CCCP-Л997,1,1
1947-12-18,Krasnoyarsk,Il-12P,CCCP-Л1343,7 - 25,7 - 25
1947-12-30,Crisóstomo,Li-2,CCCP-Л4214,6 - 6,6 - 6
1948-03-02,Transbaikal,Ju 52 - 3m,CCCP-Л54,0 - 2,0 - 2
1948-04-21,siéntate,C-47B,CCCP-Л1215,3 - 6,3 - 6
1948-04-23,Aeropuerto de Jabárovsk,Li-2,CCCP-Л4437,1 - 16,1 - 16
1948-04-24,Mamakchana,Li-2,CCCP-Л4460,28 - 29,28 - 29
1948-05-22,Los herederos,C-47B,CCCP-Л1073,8 - 9,8 - 9
1948-07-31,Turukhansk,PBN-1 Nómada,CCCP-Л789,3 - 20,3 - 20
1948-02-09,Novosibirsk,Il-12,CCCP-Л1465,1 - 20,1 - 20
1948-04-09,Aeropuerto de Bíkovo,Li-2,CCCP-Л4498,6 - 24,6 - 24
1948-09-09,Aeropuerto de Baymákovo,Il-12,CCCP-Л1427,4 - 4,4 - 4
1948-09-30,Aeropuerto de Baljash,Li-2,CCCP-Л4304,15 - 15,15 - 15
1948-12-10,Yevlaj,Il-12,CCCP-Л1450,10 - 10,10 - 10
1948-12-10,Parshino,Li-2T,CCCP-Л4658,4 - 4,4 - 4
1948-10-25,samurskaya,Li-2,CCCP-Л4500,18 - 18,18 - 18
1948-11-18,Leninabad,Li-2,CCCP-Л4275,4 - 5,4 - 5
1948-11-22,Ryzhovo,Li-2,CCCP-Л4463,23 - 26,23 - 26
1948-12-23,Moscú,Il-12P,CCCP-Л1731,12 - 12,12 - 12
1970-01-01,No especificado,TS-62,CCCP-Л861,0,0
1948-12-30,cerca deMinsk,TS-62,CCCP-Л1017,3 - 4,3 - 4
1949-09-01,Kazán,Li-2,CCCP-Л4261,3 - 4,3 - 4
1949-01-19,estalin,Il-12P,CCCP-Л1381,10,10
1949-01-29,Aeropuerto de Nizhnaya Pesha,Li-2T,CCCP-Л4491,3 - 4,3 - 4
1949-12-03,Monte Bel-Auty,Li-2,CCCP-Л4335,11 - 11,11 - 11
1949-04-29,Fuera deKirensk,Li-2,CCCP-Л4464,14 - 24,14 - 24
1949-05-13,Novosibirsk,Il-12P,CCCP-Л1791,25 - 25,25 - 25
1949-07-21,Marga,Il-12P,CCCP-Л1714,13 - 14,13 - 14
1949-01-08,Naberezhniye Chelny,Li-2,CCCP-Л4354,2 - 8,2 - 8
1949-08-20,Polukotelnikovo,Il-12,CCCP-Л1434,8 - 11,8 - 11
1949-08-25,Distrito de Kabansky,Il-12P,CCCP-Л1844,14 - 14,14 - 14
1949-09-20,Savasleyka,Il-12,CCCP-Л1462,3 - 4,3 - 4
1949-11-16,Aeropuerto de Vnúkovo,Li-2,CCCP-Л4530,0 - 15,0 - 15
1949-12-25,aktyubinsk,Li-2,CCCP-Л4719,0,0
1949-12-30,Sverdlovsk,Li-2,CCCP-Л4704,3 - 6,3 - 6
1950-07-04,kiev,Li-2,CCCP-Л4411,0 - 5,0 - 5
1950-04-17,Vitamina,TS-62,CCCP-Л862,10 - 20,10 - 20
1950-07-19,Aeropuerto de Tiflis,Il-12P,CCCP-Л1340,4 - 11,4 - 11
1950-07-30,Karagandá,Il-12P,CCCP-Л1803,25 - 25,25 - 25
1950-11-08,Sverdlovsk,Il-12P,CCCP-Л1706,2 - 27,2 - 27
1950-09-11,Turukhansk,TS-62,CCCP-Л1098,2 - 12,2 - 12
1950-12-27,Mynzhilki,Li-2,CCCP-Л4003,8 - 8,8 - 8
1951-09-01,Mar Negro frente aTuapse,Il-12P,CCCP-Л1811,8 - 8,8 - 8
1951-09-01,Kazán,Li-2,CCCP-Л4359,6 - 6,6 - 6
1951-01-28,Aeropuerto de Narimanovka,Li-2,CCCP-Л4715,0 - 2,0 - 2
1951-09-02,Aeropuerto de Taskent,Li-2,CCCP-Л4821,0 - 4,0 - 4
1951-03-13,Sverdlovsk,Il-12P,CCCP-Л1319,0,0
1951-03-25,Chispa - chispear,Li-2,CCCP-Л4790,12 - 13,12 - 13
1951-03-29,Moscú,Il-12P,CCCP-Л1313,3 - 8,3 - 8
1951-08-04,Mamá,Li-2T,CCCP-Л4467,8 - 8,8 - 8
1951-04-21,Distrito Yermakovsky,An-2T,CCCP-A2597,4 - 4,4 - 4
1951-12-08,Viliuysk,Li-2,CCCP-Л4314,2 - 16,2 - 16
1951-08-23,Kanash,Li-2,CCCP-Л1271,0,0
1951-07-09,Gorbovichi,An-2T,CCCP-A2583,5 - 5,5 - 5
1951-01-10,Territorio de Krasnoyarsk,Li-2,CCCP-Л4775,6 - 15,6 - 15
1951-10-10,Bogdanovich,Li-2,CCCP-Л4416,1 - 10,1 - 10
1951-10-30,Arcángel,Li-2,CCCP-Л4393,0,0
1951-11-14,Nikolayevsk del Amure,Il-12P,CCCP-Л1360,0 - 19,0 - 19
1951-11-17,Novosibirsk,Il-12P,CCCP-Л1775,23 - 23,23 - 23
1951-11-30,kiev,Li-2,Desconocido,0,0
1951-12-27,Namtsev,Li-2,CCCP-Л4228,20 - 20,20 - 20
1952-09-01,Stalingrado,Li-2,CCCP-Л4315,3 - 4,3 - 4
1952-02-21,Aeropuerto de Baratayevka,Il-12,CCCP-Л1849,1 - 18,1 - 18
1952-03-26,Aeropuerto de Tula,Desconocido,Desconocido,70,70
1952-05-04,Magdagachi,Il-12P,CCCP-Л1308,6 - 6,6 - 6
1952-04-25,Karmanovo,Il-12P,CCCP-Л1312,8 - 9,8 - 9
1952-03-05,Khandyga,Li-2,CCCP-Л4602,4 - 4,4 - 4
1952-07-19,Aeropuerto de Spilve,Li-2,CCCP-Л4197,4 - 4,4 - 4
1952-08-23,chlya,Il-12,CCCP-Л1488,1 - 16,1 - 16
1952-09-28,Belogorsk,Li-2,CCCP-Л4673,7 - 7,7 - 7
1952-05-10,Skvoritsy,Il-12P,CCCP-Л1328,31 - 31,31 - 31
1970-01-01,No especificado,TS-62,CCCP-Л1055,0,0
1952-10-22,Aeropuerto de Kuibyshev,Li-2,CCCP-Л4875,0 - 12,0 - 12
1952-04-12,Yeniseisk,Li-2T,CCCP-Л4661,3 - 19,3 - 19
1952-12-15,Aeropuerto de Koltsovo,Li-2,CCCP-Л4551,0 - 6,0 - 6
1953-01-21,Irkutsk,Li-2,CCCP-Л4666,0 - 5,0 - 5
1953-01-23,cercadel aeropuerto de Kazán,Il-12P,CCCP-Л1435,11 - 11,11 - 11
1970-01-01,No especificado,Li-2,CCCP-Л4582,0,0
1953-09-02,Aeródromo de Kirensk,Li-2,CCCP-Л4513,0,0
1953-04-03,Aeropuerto de Asjabad,Li-2,CCCP-Л4371,0,0
1953-04-30,cerca del aeropuerto de Kazán,Il-12P,CCCP-Л1777,1 - 23,1 - 23
1953-05-24,Aeropuerto de Nadezhda,Li-2,CCCP-Л4863,0,0
1953-05-27,Barzas,Li-2T,CCCP-A4031,27 - 27,27 - 27
1970-01-01,No especificado,Li-2,CCCP-Л4534,0,0
1953-06-14,Zugdidi,Il-12P,CCCP-Л1375,18 - 18,18 - 18
1953-06-07,Rushan,Li-2,CCCP-Л4027,7 - 7,7 - 7
1953-08-13,Aeropuerto de Bíkovo,Li-2,CCCP-Л4393,0 - 0,0 - 0
1953-08-22,Aeropuerto de Bíkovo,Li-2,CCCP-Л4157,0 - 1,0 - 1
1953-10-14,Irkutsk,Il-12P,CCCP-L1727,4 - 28,4 - 28
1953-10-21,Mineralnye Vody,Li-2,CCCP-Л4890,1 - 8,1 - 8
1953-10-27,Los herederos,Il-12P,CCCP-Л1765,22 - 27,22 - 27
1953-10-31,cercadel aeropuerto de Járkov,Li-2,CCCP-Л4732,15 - 16,15 - 16
1953-04-11,cerca del aeropuerto Magdagachi,Il-12P,CCCP-Л1367,5 - 5,5 - 5
1954-08-01,Aeropuerto de Ülemiste,Li-2,Desconocido,1,1
1954-01-27,El descanso,Li-2,CCCP-Л4105,6 - 6,6 - 6
1954-08-26,Yuzhno-Sakhalinsk,Li-2,CCCP-Л4679,26 - 27,26 - 27
1954-09-27,Novosibirsk,Il-12P,CCCP-Л1365,29 - 29,29 - 29
1954-10-28,Krai de Krasnoyarsk,Il-12P,CCCP-Л1789,20 - 20,20 - 20
1954-12-11,Aeropuerto de Koltsovo,Li-2,CCCP-Л4519,6 - 15,6 - 15
1954-05-12,Almatý,Il-12P,CCCP-Л1320,1 - 19,1 - 19
1954-12-31,Irkutsk,Il-14,Desconocido,17 - 17,17 - 17
1955-01-13,Región de Moscú,Li-2,CCCP-Л5000,5 - 5,5 - 5
1955-01-23,Limero,Li-2T,CCCP-Л4510,3 - 13,3 - 13
1955-08-05,Dnepropetrovsk,Li-2,CCCP-Л4098,4 - 4,4 - 4
1955-01-07,Ujta,An-2,CCCP-Л2642,0 - 10,0 - 10
1955-06-08,Vorónezh,Il-14P,CCCP-Л5057,25 - 25,25 - 25
1955-09-15,Distrito de Kansky,Il-12P,CCCP-Л1359,7 - 7,7 - 7
1955-09-28,Ozerevo,Li-2,CCCP-Л4712,7 - 19,7 - 19
1955-09-12,Entonces Tordoki,Li-2,CCCP-Л4993,21 - 21,21 - 21
1955-09-12,Región de Tiumén,Li-2,CCCP-Л4339,7 - 9,7 - 9
1955-12-21,Lago Baljash,Li-2,CCCP-Л4981,6 - 6,6 - 6
1956-07-03,Desconocido,Li-2,CCCP-71289,0,0
1956-04-22,Fuera deSujumi,Il-14P,CCCP-Л1718,6 - 6,6 - 6
1956-04-26,Berlín Este,Il-12,Desconocido,3 - 6,3 - 6
1956-04-07,Aeropuerto de Vorónezh,Li-2,CCCP-Л4869,0,0
1956-07-20,Mucho,An-2T,CCCP-Л5554,4 - 6,4 - 6
1956-08-20,Gizhiga,An-2T,CCCP-Л3488,3 - 4,3 - 4
1956-09-16,syuldyukar,An-2T,CCCP-A2582,1 - 3,1 - 3
1956-02-11,Sverdlovsk,Li-2,CCCP-Л4872,2 - 5,2 - 5
1956-11-18,Aeropuerto de Irkutsk,Il-14,CCCP-Л5658,1 - 5,1 - 5
1956-09-12,Aves,Li-2,CCCP-Л5033,12 - 12,12 - 12
1957-02-15,Península de Yamal,Li-2,CCCP-Л4407,0 - 4,0 - 4
1957-03-29,Uliánovsk,Li-2,CCCP-Л4967,4 - 4,4 - 4
1957-05-05,Tanyurer,An-2T,CCCP-Л3807,0 - 8,0 - 8
1957-03-07,cerca deStavropol,Li-2,CCCP-Л4825,8 - 15,8 - 15
1957-07-08,Aeropuerto de Magdagachi,Il-12P,CCCP-Л1828,1 - 17,1 - 17
1957-08-15,Copenhague,Il-14P,CCCP-Л1874,23 - 23,23 - 23
1957-08-17,kiev,Il-14M,CCCP-Л2071,15,15
1970-01-01,No especificado,El 14G,CCCP-Л1360,0,0
1957-08-30,Famoso,El 14G,CCCP-Л1440,7 - 7,7 - 7
1957-01-10,aksha,Il-12P,CCCP-Л1389,27 - 28,27 - 28
1957-10-27,Estación de hielo a la deriva del Polo Norte SP-7,Il-12P,CCCP-Н442,1 - 6,1 - 6
1957-02-12,helsinki,Il-14M,CCCP-Л1657,0 - 21,0 - 21
1957-12-18,Región Autónoma Judía,Il-12P,CCCP-Л1309,27 - 27,27 - 27
1958-03-28,Aeropuerto de Spilve,Li-2,CCCP-Л4198,0,0
1958-05-01,Desconocido,An-2,CCCP-Н542,0,0
1958-09-06,Los herederos,Il-12P,CCCP-Л1364,24 - 24,24 - 24
1958-06-27,Lago Byelaya,An-2T,CCCP-05643,2 - 6,2 - 6
1958-02-07,Tiempo,An-2T,CCCP-Л3803,4 - 4,4 - 4
1958-08-15,siéntate,Tu-104A,CCCP-Л5442,64 - 64,64 - 64
1958-05-09,Johvi,el era 14p,CCCP-Л2048,1 - 17,1 - 17
1958-07-09,Konstantinovka,Il-14P,CCCP-Л1692,27 - 27,27 - 27
1958-09-19,Lazo,Il-12P,CCCP-Л3904,28 - 28,28 - 28
1958-10-10,Smyshlyaevka,Li-2,CCCP-84733,4 - 5,4 - 5
1958-10-16,Satisfecho,Li-2,CCCP-65708,0,0
1958-10-17,Kanash,Tu-104A,CCCP-42362,80 - 80,80 - 80
1958-10-25,Aeropuerto de Nizhniye Kresty,An-2,Desconocido,0,0
1958-02-11,Grajovo,Li-2,CCCP-84624,4 - 4,4 - 4
1958-07-11,Óblast de Crimea,el era 14p,CCCP-52024,12 - 12,12 - 12
1958-11-24,Aves,An-2T,CCCP-Л5676,0 - 4,0 - 4
1958-07-12,Stalingrado,Il-14M,CCCP-Л2096,1 - 24,1 - 24
1958-12-15,Aeropuerto de Baratayevka,Il-14,CCCP-41843,4 - 7,4 - 7
1958-12-15,Aeropuerto de Cherepovéts,Il-12,CCCP-Л1467,0,0
1958-12-23,Tashkent,Il-14M,CCCP-61663,21 - 21,21 - 21
1958-12-24,Aeropuerto de Uralsk,Il-12T,CCCP-Л1458,0 - 5,0 - 5
1959-01-18,Stalingrado,Il-14P,CCCP-41863,25 - 25,25 - 25
1959-01-19,Desconocido,An-2T,CCCP-Л1975,0,0
1959-04-02,Severo-Evensk,Li-2,CCCP-16192,0 - 6,0 - 6
1959-04-01,Desconocido,An-2T,CCCP-Л5569,0,0
1959-04-24,Región de Novosibirsk,Li-2P,CCCP-84595,5 - 8,5 - 8
1959-06-18,Aeropuerto Deputatsky,Li-2T,CCCP-84627,0,0
1959-10-08,región de jabárovsk,Li-2,CCCP-54795,9 - 9,9 - 9
1959-08-29,Aeropuerto de Magdagachi,Li-2,CCCP-84598,0 - 11,0 - 11
1959-02-09,Región de Vorónezh,Il-18B,CCCP-75676,0 - 67,0 - 67
1959-02-10,Petropávlovsk-Kamchatski,Li-2,CCCP-84448,4 - 4,4 - 4
1959-10-23,Moscú,Il-14P,CCCP-41806,28 - 29,28 - 29
1959-10-27,cercadel aeropuerto de Karagandá,Li-2,CCCP-84733,1 - 29,1 - 29
1959-11-16,Leópolis,An-10,CCCP-11167,40 - 40,40 - 40
1959-11-19,Desconocido,Li-2,CCCP-84633,0,0
1959-11-29,Aeropuerto de Irkutsk,Il-12,CCCP-01426,4 - 4,4 - 4
1959-12-13,fuera deBoysun,Il-14P,CCCP-91577,30 - 30,30 - 30
1959-12-17,Vilna,Li-2P,CCCP-84587,1 - 9,1 - 9
1960-05-01,Aumentó,Li-2,CCCP-19405,1 - 4,1 - 4
1960-02-19,Berezovo,An-2V,CCCP-01271,0,0
1960-02-19,Aeropuerto de Moma,An-2T,CCCP-98332,0 - 13,0 - 13
1960-02-26,Leópolis,An-10A,CCCP-11180,32 - 33,32 - 33
1960-04-27,Aeropuerto de Koltsovo,Il-18A,CCCP-75648,1 - 5,1 - 5
1960-05-05,La viuda,Li-2,CCCP-84609,5 - 5,5 - 5
1960-10-06,cerca deTkvarcheli,Il-14P,CCCP-91571,31 - 31,31 - 31
1960-05-07,Aldán,An-2,CCCP-98282,3 - 4,3 - 4
1960-07-20,Fuera deSyktyvkar,Il-14M,CCCP-61696,23 - 23,23 - 23
1960-07-21,Minsk,Il-12P,CCCP-01405,1+7 - 28,1+7 - 28
1960-08-17,Tarasovich,Il-18B,CCCP-75705,34 - 34,34 - 34
1960-08-21,Desconocido,Desconocido,Desconocido,1,1
1960-02-09,Zikhnovo,Il-14M,CCCP-04200,18 - 18,18 - 18
1960-09-26,Aeropuerto de Brest,Il-14M,CCCP-41866,1 - 27,1 - 27
1960-10-20,Ust-Orda,Tu-104A,CCCP-42452,3 - 68,3 - 68
1960-10-30,bastante,el era 14p,CCCP-52025,5 - 5,5 - 5
1960-11-11,Aeropuerto de Zyryanka,Li-2,CCCP-84748,5 - 6,5 - 6
1960-11-25,Región de Leningrado,IL-14FK,CCCP-91610,9 - 9,9 - 9
1960-04-12,Chernovo,Il-14M,CCCP-52091,14 - 14,14 - 14
1960-10-12,Semipalatinsk,An-2T,CCCP-33181,12 - 12,12 - 12
1960-12-13,Aeropuerto de Yamburgo,An-2T,CCCP-01245,0 - 3,0 - 3
1960-12-26,Aeropuerto de Uliánovsk,Il-18A,CCCP-75651,17 - 17,17 - 17
1961-01-02,Aeropuerto de Vladivostok,Tu-104A,CCCP-42357,0 - 58,0 - 58
1961-03-16,Sverdlovsk,Tu-104B,CCCP-42438,5 - 51,5 - 51
1961-06-22,Bogoroditsk,Il-18B,CCCP-75672,0 - 97,0 - 97
1961-08-07,Sosnovy Bor,Il-14P,CCCP-41848,9 - 26,9 - 26
1961-10-07,Odesa,Tu-104B,CCCP-42447,1 - 94,1 - 94
1961-08-13,riga,Il-18B,CCCP-75653,0 - 8,0 - 8
1961-09-17,Tashkent,Tu-104A,CCCP-42388,0,0
1961-09-22,Oimiakón,Li-2,CCCP-16154,6 - 6,6 - 6
1961-09-28,Aeropuerto de Yakutsk,Li-2,CCCP-63857,0,0
1961-10-31,Smorodinny,Il-14M,CCCP-61712,5 - 5,5 - 5
1961-02-11,Vladivostok,Tu-104B,CCCP-42504,0,0
1961-12-17,Chebotovka,Il-18B,CCCP-75654,59 - 59,59 - 59
1961-12-18,Oliókminsk,Li-2,CCCP-84603,4,4
1961-12-31,Mineralnye Vody,He-18V,CCCP-75757,32 - 119,32 - 119
1962-01-27,Uliánovsk,An-10,CCCP-11148,13 - 14,13 - 14
1962-02-15,Shymkent,Li-2,CCCP-84575,0,0
1962-03-30,Kirensk,Li-2,CCCP-84685,0,0
1962-04-04,Desconocido,Il-14P,CCCP-41852,0,0
1962-04-15,Montaña Karpun,An-2SKh,CCCP-23700,0 - 2,0 - 2
1962-11-05,Los herederos,An-2R,CCCP-49262,2 - 2,2 - 2
1962-04-06,Sofía,Tu-104B,CCCP-42491,5 - 5,5 - 5
1962-06-30,Voznesenka,Tu-104A,CCCP-42370,84 - 84,84 - 84
1962-06-07,Fuera de Tashkent,Il-14M,CCCP-91554,11 - 38,11 - 38
1962-07-28,Sochi,An-10A,CCCP-11186,81 - 81,81 - 81
1962-07-08,Moscú,Tu-114D,CCCP-76479,0 - 0,0 - 0
1962-08-16,Aeropuerto de Kishinev,An-2T,CCCP-98218,0 - 0,0 - 0
1970-01-01,No especificado,Li-2T,CCCP-65680,0,0
1970-01-01,No especificado,Li-2P,CCCP-54920,0,0
1962-03-09,Fuera deKhabarovsk,Tu-104A,CCCP-42366,86 - 86,86 - 86
1962-09-18,Cherskiy,Il-14M,CCCP-61628,32 - 32,32 - 32
1962-10-25,Moscú,Tu-104B,CCCP-42495,10 - 10,10 - 10
1962-11-29,Desconocido,He-18V,CCCP-75843,0,0
1963-08-02,Syktyvkar,An-10A,CCCP-11193,7 - 7,7 - 7
1963-02-26,Bukhta Yemlinskaya,He-18V,CCCP-75732,10 - 10,10 - 10
1963-05-03,Asjabad,He-18V,CCCP-75765,12 - 55,12 - 55
1963-12-03,lagos richardson,An-6,CCCP-98341,0 - 0,0 - 0
1963-02-04,Los herederos,An-12,CCCP-11338,0,0
1963-04-04,Urajcha,He-18V,CCCP-75866,67 - 67,67 - 67
1963-05-18,Leningrado,Tu-104B,CCCP-42483,0,0
1963-07-13,Irkutsk,Tu-104B,CCCP-42492,33 - 35,33 - 35
1963-07-24,Aeropuerto de Karagandá,An-2T,CCCP-43833,1 - 1,1 - 1
1963-08-21,Leningrado,Tu-124,CCCP-45021,0 - 52,0 - 52
1963-08-23,Distrito de Nadymsky,An-2V,CCCP-35359,0 - 14,0 - 14
1963-08-31,Cuando,An-2T,CCCP-01154,1 - 16,1 - 16
1963-10-20,Isla Graham Bell,Il-14M,CCCP-04197,7 - 7,7 - 7
1963-10-11,Aeropuerto de Kuibishev,Il-18B,CCCP-75686,0,0
1963-07-12,Kirensk,An-12B,CCCP-11347,6 - 6,6 - 6
1964-03-01,Mucho,An-2T,CCCP-23740,2 - 2,2 - 2
1964-01-25,Kenkiyak,An-2T,CCCP-13651,3 - 9,3 - 9
1964-09-02,Aeropuerto de Dhzigda,An-2T,CCCP-55541,3 - 3,3 - 3
1964-05-13,Svetilnoe,An-2R,CCCP-09259,1 - 3,1 - 3
1964-08-06,Cheremshán,An-2SKh,CCCP-25467,2 - 5,2 - 5
1964-09-06,Novosibirsk,Tu-104B,CCCP-42476,0,0
1964-02-07,Krasnodar,Il-18B,CCCP-75661,0,0
1964-03-07,Urtazym,An-2R,CCCP-09242,1 - 2,1 - 2
1964-03-08,Aeropuerto de Magadán,He-18V,CCCP-75824,0,0
1964-02-09,Yuzhno-Sakhalinsk,He-18V,CCCP-75531,87 - 93,87 - 93
1964-10-13,Cabo Khorgoy,Li-2,CCCP-04370,0 - 5,0 - 5
1964-10-24,Nikolayevsk del Amure,An-2T,CCCP-01231,2 - 2,2 - 2
1964-09-11,lo tirarán,An-2SKh,CCCP-43915,4 - 4,4 - 4
1964-11-18,Aeropuerto de Múrmansk,An-2V,CCCP-09275,1 - 2,1 - 2
1964-11-28,Surami,Il-14P,CCCP-41883,7 - 15,7 - 15
1965-02-01,Aeropuerto de Darvaza,Li-2,CCCP-63842,24 - 24,24 - 24
1965-04-01,Almatý,Il-18B,CCCP-75685,64 - 103,64 - 103
1965-02-02,Desconocido,An-2R,CCCP-45218,0,0
1965-07-03,Región de Krasnoyarsk,Li-2,CCCP-54971,31 - 31,31 - 31
1965-08-03,Kuybyshev,Tu-124V,CCCP-45028,30 - 39,30 - 39
1965-08-03,Hojas,Il-18B,CCCP-75690,0,0
1965-03-20,Khanty-Mansiysk,An-24,CCCP-46764,43 - 47,43 - 47
1965-07-21,Gorny,An-2T,CCCP-01201,1 - 12,1 - 12
1965-08-25,Loca,An-2R,CCCP-05856,1 - 1,1 - 1
1965-05-09,luki,An-2V,CCCP-98320,1 - 2,1 - 2
1965-11-09,Ulán-Udé,An-12,CCCP-11337,8 - 8,8 - 8
1965-11-11,Múrmansk,Tu-124V,CCCP-45086,32 - 64,32 - 64
1965-11-16,Ust-Maya[nota 1],An-2SKh,CCCP-01189,0,0
1965-12-23,Los herederos,Il-18B,CCCP-75688,0,0
1965-12-31,Desconocido,Desconocido,Desconocido,1,1
1966-01-01,Petropávlovsk-Kamchatski,Il-14P,CCCP-61618,23 - 23,23 - 23
1966-01-14,Shamurat,An-2T,CCCP-02185,11 - 11,11 - 11
1966-02-16,Pechora,Il-14M,CCCP-52058,35 - 35,35 - 35
1966-02-17,Moscú,Tu-114,CCCP-76491,21 - 48,21 - 48
1966-02-26,mys nálycheva,An-2T,CCCP-79910,3 - 3,3 - 3
1966-02-03,Golubichnoe,An-2T,CCCP-79860,2 - 2,2 - 2
1966-04-23,Fuera deBakú,Il-14P,CCCP-61772,33 - 33,33 - 33
1966-04-23,Labinsk,An-2R,CCCP-02807,3 - 3,3 - 3
1966-06-13,Minsk,Tu-124,CCCP-45017,0,0
1966-06-24,Arteni,An-2SKh,CCCP-01127,1 - 3,1 - 3
1966-07-27,Óblast de Zaporiyia,Tu-124V,CCCP-45038,1 - 90,1 - 90
1966-08-27,Arcángel,He-18V,CCCP-75552,0 - 121,0 - 121
1966-07-09,Semipalatinsk,An-2T,CCCP-79816,6 - 6,6 - 6
1966-09-09,Fuera del cabo Tsikhisdziri,An-2TP,CCCP-96224,1 - 12,1 - 12
1966-11-22,Almatý,Il-18B,CCCP-75665,3 - 68,3 - 68
1966-12-18,Zafarabad,An-2R,CCCP-46601,2 - 2,2 - 2
1967-01-14,Novosibirsk,An-12B,CCCP-04343,6 - 6,6 - 6
1967-06-03,salejard,An-12B,CCCP-11007,5 - 6,5 - 6
1967-12-03,Fuera de Yakutsk,Il-14P,CCCP-61657,15 - 19,15 - 19
1967-03-13,Mar Negro,An-2P,CCCP-04959,1 - 1,1 - 1
1967-06-04,Moscú,He-18V,CCCP-75563,8 - 8,8 - 8
1967-11-04,Nizhniye Kresty,Li-2,CCCP-04213,0,0
1967-11-05,Alexeyevka,An-2SKh,CCCP-05604,12 - 12,12 - 12
1967-04-06,Blagovéshchensk,An-12TP-2,CCCP-04366,0,0
1967-11-06,Gazimurski Zavod,An-2R,CCCP-49345,2 - 3,2 - 3
1967-06-17,Aeropuerto de Karagandá,Li-2,CCCP-71220,9 - 34,9 - 34
1967-08-29,Aeropuerto Meschura,An-2,CCCP-42615,6 - 13,6 - 13
1967-12-10,Aeropuerto de Aldán,Li-2,CCCP-16150,5 - 5,5 - 5
1967-04-11,Moscú,Il-18,Desconocido,4 - 4,4 - 4
1967-11-16,Sverdlovsk,He-18V,CCCP-75538,107 - 107,107 - 107
1967-12-30,liepaja,An-24B,CCCP-46215,43 - 51,43 - 51
1967-12-31,Vorónezh,An-24B,CCCP-46201,0,0
1968-06-01,Fuera deOlyokma,An-24B,CCCP-47733,45 - 45,45 - 45
1968-09-01,Karagandá,He-18V,CCCP-75519,0,0
1968-01-29,Yakutsk,An-12B,CCCP-11015,0,0
1968-12-02,Nekrasovka,An-2R,CCCP-28946,0 - 6,0 - 6
1968-02-19,Bagdad,Desconocido,Desconocido,2 - 2,2 - 2
1968-02-29,Fuera deBratsk,El 18D,CCCP-74252,83 - 84,83 - 84
1968-07-03,Volgogrado,Tu-124,CCCP-45019,1 - 49,1 - 49
1968-09-03,Monte Getantag,Il-14,CCCP-41840,5 - 5,5 - 5
1968-04-22,Moscú,He-18V,CCCP-75526,5 - 5,5 - 5
1968-05-16,marinka,An-2M,CCCP-05977,1 - 1,1 - 1
1968-05-19,Tenginskaya,An-2R,CCCP-45228,2 - 2,2 - 2
1968-05-28,Slobodovka,An-2R,CCCP-45209,2 - 2,2 - 2
1968-05-30,Distrito de Semikarakorsk,An-2M,CCCP-05989,1 - 2,1 - 2
1968-01-07,Breúsovka,An-2M,CCCP-02332,2 - 3,2 - 3
1968-07-21,Sufi-Kurgan,An-2R,CCCP-32209,14 - 14,14 - 14
1968-03-08,Psebai,An-2SKh,CCCP-01118,14 - 14,14 - 14
1968-08-08,Mirny,An-10,CCCP-11172,0,0
1968-09-22,seymchan,An-2TP,CCCP-91763,5 - 8,5 - 8
1968-06-10,María,An-24B,CCCP-46552,0,0
1968-10-20,Krasnoyarsk,El 18D,CCCP-75436,0,0
1968-02-11,Lensk,An-12B,CCCP-11349,6 - 6,6 - 6
1968-12-01,Antártida,Li-2T,CCCP-04214,0,0
1969-10-01,Malka,An-2T,CCCP-70940,2 - 13,2 - 13
1969-03-03,Rubashovka,An-2M,CCCP-06214,2 - 2,2 - 2
1969-03-24,Almatý,An-24,CCCP-46751,4 - 31,4 - 31
1969-03-28,Sagirdasht,An-6,CCCP-98316,11 - 13,11 - 13
1969-03-30,Serguéievka,An-2R,CCCP-29320,4 - 4,4 - 4
1969-07-04,Distrito de Shcherbinovsky,An-2R,CCCP-13667,3 - 3,3 - 3
1969-04-18,atar,An-2R,CCCP-09193,7 - 7,7 - 7
1969-04-28,Irkutsk,Tu-104B,CCCP-42436,0,0
1969-05-15,Novotitarovka,An-2SKh,CCCP-32607,2 - 2,2 - 2
1969-06-23,poroslitsy,Il-14M,CCCP-52018,24 - 24,24 - 24
1969-06-25,Mirny,An-12TB,CCCP-11380,0,0
1969-06-26,Los herederos,Il-14M,CCCP-91527,3 - 5,3 - 5
1969-06-28,cerca deTalas,Il-14,CCCP-91495,40 - 40,40 - 40
1969-05-07,Cordillera Udokan,An-2R,CCCP-09168,4 - 4,4 - 4
1969-03-08,Preobrazhenka,An-24B,CCCP-46248,55 - 55,55 - 55
1969-12-08,Novosibirsk,An-12B,CCCP-11018,4 - 6,4 - 6
1969-08-19,Puentes,An-2R,CCCP-96176,5 - 5,5 - 5
1969-08-26,Moscú,Il-18B,CCCP-75708,16 - 102,16 - 102
1969-08-26,Moscú,An-2T,CCCP-41971,14 - 14,14 - 14
1969-01-09,cercadel aeródromo de Zaliv Kresta,Il-14P,CCCP-61731,22 - 27,22 - 27
1969-08-09,amderma,An-12B,CCCP-11377,5 - 8,5 - 8
1969-10-09,Yakutsk,He-18V,CCCP-75791,0,0
1969-09-26,fuera de Tiksi,An-2,CCCP-44984,5 - 6,5 - 6
1969-12-10,Mirny,An-10,CCCP-11169,0,0
1969-10-13,Nizhnevartovsk,An-24B,CCCP-47772,24 - 56,24 - 56
1969-01-11,Kazalinsk,An-2T,CCCP-43847,4 - 26,4 - 26
1969-11-13,amderma,An-12TB,CCCP-11376,9 - 9,9 - 9
1969-11-25,Mukachevo,An-2,CCCP-44995,5 - 5,5 - 5
1969-06-12,Khatanga,An-12PL,CCCP-11381,8 - 8,8 - 8
1969-10-12,fuera de Majachkalá,el era 14p,CCCP-52010,17 - 17,17 - 17
1969-11-12,Desconocido,Il-18B,CCCP-75669,0,0
1969-11-12,Desconocido,Il-18B,CCCP-75699,0,0
1970-01-01,Sarátov,An-24B,CCCP-46241,0,0
1970-01-28,Fuerade Batagay,An-24B,CCCP-47701,34 - 34,34 - 34
1970-01-29,Múrmansk,Tu-124V,CCCP-45083,11 - 38,11 - 38
1970-01-31,Tokmass,An-2TP,CCCP-40573,2 - 2,2 - 2
1970-06-02,Samarcanda,He-18V,CCCP-75798,92 - 106,92 - 106
1970-02-25,Ust-Maya,Il-14M,CCCP-61637,5 - 5,5 - 5
1970-02-26,Beryozovo,An-12TB,CCCP-12966,0,0
1970-05-03,Ust-Kut,Li-2,CCCP-58340,0,0
1970-03-19,Nikolayevo-Kozlovski,An-2R,CCCP-25598,2 - 2,2 - 2
1970-01-04,Toguchina,An-24B,CCCP-47751,45 - 45,45 - 45
1970-04-04,Zaporozhye,el tenia 14m,CCCP-52002,7 - 35,7 - 35
1970-04-20,En Cuba,An-2R,CCCP-06333,2 - 4,2 - 4
1970-04-24,Región de Rostov,An-2R,CCCP-41398,0,0
1970-04-28,Región de Riazán,An-2SX,CCCP-15935,2 - 2,2 - 2
1970-10-05,región de irkutsk,An-2R,CCCP-32463,2 - 3,2 - 3
1970-05-15,Kishinev,An-10,CCCP-11149,11 - 11,11 - 11
1970-05-06,Samarcanda,He-18V,CCCP-75533,0,0
1970-07-18,Desconocido,An-22,CCCP-09303,23 - 23,23 - 23
1970-07-25,Ujta,An-2TP,CCCP-41295,0,0
1970-07-26,Levantarse,An-2R,CCCP-29387,3 - 3,3 - 3
1970-08-08,Kishinev,An-10A,CCCP-11188,1 - 114,1 - 114
1970-09-08,Kirovogrado,An-2R,CCCP-45215,0,0
1970-08-20,Región de Namangán,An-2R,CCCP-15238,0,0
1970-08-23,Aeropuerto de Yuzhno-Sajalinsk,He-18V,CCCP-75823,0,0
1970-02-09,Dnepropetrovsk,Tu-124,CCCP-45012,37 - 37,37 - 37
1970-03-09,Leninabad,Yak-40,CCCP-87690,21 - 21,21 - 21
1970-05-09,Dzharkishlak,An-2R,CCCP-28952,2 - 2,2 - 2
1970-09-21,Bulbukhta,An-2T,CCCP-02195,1 - 3,1 - 3
1970-09-27,Izhevsk,An-2T,CCCP-35417,0,0
1970-01-10,kamenny mys,An-12B,CCCP-11031,8 - 8,8 - 8
1970-10-14,Chernivtsi,An-2R,CCCP-02833,0,0
1970-10-15,Trebisonda,An-24B,CCCP-46256,1 - 60,1 - 60
1970-10-16,Simferópol,He-18V,CCCP-75578,0,0
1970-10-16,Leshukonskoe,Li-2,CCCP-84771,0,0
1970-11-29,Tambov,An-2R,CCCP-25611,0,0
1970-12-19,Panagarh,An-22,CCCP-09305,17 - 17,17 - 17
1970-12-31,Leningrado,He-18V,CCCP-75773,6 - 86,6 - 86
1971-01-22,Surgut,An-12B,CCCP-11000,13 - 13,13 - 13
1971-01-31,Surgut,An-12B,CCCP-12996,7 - 7,7 - 7
1971-07-02,Aeropuerto de Kírovsk,Il-14M,CCCP-91535,0,0
1971-02-16,Vorkuta,An-12TB,CCCP-11374,0 - 5,0 - 5
1971-03-31,Voroshilovgrado,An-10,CCCP-11145,65 - 65,65 - 65
1971-03-31,Aeropuerto de Bíkovo,An-24,CCCP-46747,0 - 5,0 - 5
1971-11-04,Tedzhén,An-2R,CCCP-25588,0,0
1971-04-29,Chernivtsi,An-2R,CCCP-42696,0,0
1971-05-24,Kírov,An-2T,CCCP-02171,0,0
1971-05-25,Aeropuerto de Batagay,An-12B,CCCP-11024,0 - 8,0 - 8
1971-05-31,Malakhovo,An-2R,CCCP-32076,3 - 3,3 - 3
1971-01-06,Isla Bogodorsk,An-24B,CCCP-47729,0,0
1971-07-15,Entender,An-2R,CCCP-06266,2 - 2,2 - 2
1971-07-16,Kamennaya Sarma,An-2SX,CCCP-43828,1 - 2,1 - 2
1971-07-25,Aeropuerto de Irkutsk,Tu-104B,CCCP-42405,97 - 126,97 - 126
1971-07-28,Aeropuerto de Lípetsk,Yak-40,CCCP-87719,0,0
1971-07-29,Calcuta,An-12B,CCCP-12993,0 - 7,0 - 7
1971-09-16,Aeropuerto de Bíkovo,Ser-30,CCCP-62707,0,0
1971-09-25,Una,An-2T,CCCP-98281,0,0
1971-10-10,Moscú,Tu-104B,CCCP-42490,25 - 25,25 - 25
1971-11-10,Tyubelyaha,An-2T,CCCP-47678,6 - 7,6 - 7
1971-12-10,Kishinev,An-10,CCCP-11137,0,0
1971-10-17,Dnepropetrovsk,An-2SKh,CCCP-70908,0,0
1971-12-11,Vinnytsia,An-24B,CCCP-46809,48 - 48,48 - 48
1971-11-13,Kerch,An-24B,CCCP-46378,6 - 11,6 - 11
1971-11-22,Ereván,An-2R,CCCP-62760,0,0
1971-11-29,Pista de aterrizaje de Aloja,An-2R,CCCP-32207,1 - 3,1 - 3
1971-01-12,Sarátov,An-24B,CCCP-46788,57 - 57,57 - 57
1971-08-12,tu derecho,An-2T,CCCP-98292,1 - 2,1 - 2
1971-09-12,Región de Taskent,An-2T,CCCP-33164,0,0
1971-12-12,Pista de aterrizaje de Farikha,An-2T,CCCP-55567,2 - 2,2 - 2
1971-12-29,Khanty Mansisk,An-2V,CCCP-50573,0,0
1971-12-30,Aeropuerto de Baranikha,Il-14M,CCCP-91570,0,0
1971-12-30,Baikit,An-2T,CCCP-98348,0,0
1972-02-22,Lípetsk,An-24,CCCP-46732,0 - 13,0 - 13
1972-02-27,Mineralnye Vody,An-24B,CCCP-46418,0,0
1972-02-01,Aeropuerto de Rostov,An-10,CCCP-11142,0,0
1972-03-19,Omsk,Tu-104B,CCCP-42408,0,0
1972-03-26,Esterlitamak,An-2R,CCCP-29380,0,0
1972-03-27,Voroshilovgrado,An-2,CCCP-42621,1 - 1,1 - 1
1972-11-04,Pueblo de Yukagir,An-2T,CCCP-44937,1 - 3,1 - 3
1972-04-14,Vyyezdoye,An-2R,CCCP-01506,2 - 2,2 - 2
1972-04-05,bratsk,Yak-40,CCCP-87778,18 - 18,18 - 18
1972-05-05,Región de Póltava,An-2R,CCCP-25604,2 - 2,2 - 2
1972-08-05,Distrito de Argyz,An-2R,CCCP-45192,2 - 2,2 - 2
1972-12-05,Kirensk,An-2TP,CCCP-50506,0,0
1972-05-18,Járkov,An-10A,CCCP-11215,122 - 122,122 - 122
1972-06-15,Rechka,An-2R,CCCP-02692,2 - 2,2 - 2
1972-06-28,jeringas,An-2R,CCCP-02582,4 - 4,4 - 4
1972-06-28,Kzyl-Orda,An-2R,CCCP-35313,0,0
1972-06-29,Distrito de Astracán,An-2R,CCCP-46652,1 - 2,1 - 2
1972-11-07,Solo,An-2,CCCP-98280,2 - 2,2 - 2
1972-07-19,Yenotayevka,An-2R,CCCP-15283,1 - 1,1 - 1
1972-07-28,Ust-Imitación,An-2T,CCCP-32649,0,0
1972-04-08,Aldán,Il-14M,CCCP-91537,0,0
1972-08-13,Yuzhno-Sakhalinsk,An-2T,CCCP-01147,0,0
1972-08-26,Arcángel,Il-18B,CCCP-75663,0,0
1972-08-30,perevitsy,An-2R,CCCP-32520,2 - 2,2 - 2
1972-08-30,Suntar,An-2R,CCCP-49369,0,0
1972-08-31,Smelovskiy,He-18V,CCCP-74298,101 - 101,101 - 101
1972-10-09,Velikaya Vuliga,An-2M,CCCP-02369,2 - 2,2 - 2
1972-09-13,Región de Semipalatinsk,An-2R,CCCP-33233,0,0
1972-01-10,Adler,He-18V,CCCP-75507,109 - 109,109 - 109
1972-06-10,Chersky,An-2P,CCCP-70738,0,0
1972-10-13,Moscú,Il-62,CCCP-86671,174 - 174,174 - 174
1972-04-11,kursk,An-24B,CCCP-46202,0,0
1972-11-13,Yeniseisk,An-2TP,CCCP-09676,2 - 14,2 - 14
1972-11-14,Lensk,An-2R,CCCP-91726,0,0
1972-11-21,Vorkuta,An-12TB,CCCP-11360,0 - 8,0 - 8
1972-11-22,Krasnoyarsk,Yak-40,CCCP-87819,0,0
1972-03-12,Yerbogachón,An-2TP,CCCP-41306,0,0
1973-01-21,Petujovo,An-24B,CCCP-46276,39 - 39,39 - 39
1973-02-17,amderma,An-12BP,CCCP-11341,0,0
1973-02-19,Praga,Tu-154,CCCP-85023,66 - 100,66 - 100
1973-02-24,Fuerade Ura-Tyube,He-18V,CCCP-75712,79 - 79,79 - 79
1973-02-28,Semipalatinsk,Yak-40,CCCP-87602,32 - 32,32 - 32
1973-06-03,Isla Graham Bell,An-12AP,CCCP-11994,0,0
1973-06-03,Serov,An-2T,CCCP-93467,0,0
1973-07-03,Smolensk,An-2R,CCCP-70816,0,0
1973-09-03,Kondinskoye,An-2,CCCP-01262,3 - 3,3 - 3
1973-03-24,Ozyornaya,An-2,CCCP-05670,2 - 3,2 - 3
1973-04-14,Andreyevka,An-2R,CCCP-35547,1 - 6,1 - 6
1973-04-24,Leningrado,Tu-104B,CCCP-42505,2 - 57,2 - 57
1973-03-05,Polo Norte,Li-2T,CCCP-04244,0 - 9,0 - 9
1973-07-05,Aeropuerto de Vnúkovo,Tu-154,CCCP-85030,0 - 4,0 - 4
1973-11-05,Fuera de Semipalatinsk,Il-18B,CCCP-75687,63 - 63,63 - 63
1973-11-05,kursk,An-2M,CCCP-05915,0,0
1973-05-14,Vólogda,An-2R,CCCP-70569,0,0
1973-05-18,Fuera deChita,Tu-104B,CCCP-42379,82 - 82,82 - 82
1973-05-20,Distrito de Starobeshevo,An-2R,CCCP-55798,1 - 2,1 - 2
1973-06-21,Abakán,An-2R,CCCP-09228,2 - 3,2 - 3
1973-06-25,Irkutsk,An-2R,CCCP-32558,0,0
1973-06-30,Amán,Tu-134A,CCCP-65668,9 - 85,9 - 85
1973-04-07,Fuera deShakhtyorsk,Il-14M,CCCP-91534,18 - 18,18 - 18
1973-09-07,Kuybyshev,Tu-124V,CCCP-45062,2 - 61,2 - 61
1973-07-20,Distrito del Reloj,An-2SX,CCCP-79827,1 - 2,1 - 2
1973-07-26,Ordzhonikidze,An-2R,CCCP-35559,0,0
1973-02-08,Shakhty,An-2R,CCCP-70807,0,0
1973-02-08,Chumikán,An-2R,CCCP-33242,0,0
1973-08-08,Aeropuerto de Arcángel,Yak-40,CCCP-87790,1 - 31,1 - 31
1973-08-13,Uelen,An-2,CCCP-23722,0,0
1973-08-16,Río Kotui,An-2V,CCCP-41373,0,0
1973-08-18,Fuera deBakú,An-24B,CCCP-46435,56 - 64,56 - 64
1973-08-29,Nerkha,An-2R,CCCP-28954,0,0
1973-08-30,Kyzyl,An-2TP,CCCP-09649,0,0
1973-08-09,Aeropuerto de Bogashevo,An-2R,CCCP-41913,3 - 3,3 - 3
1973-09-15,Región de Samarcanda,An-2R,CCCP-32213,0,0
1973-09-30,Sverdlovsk,Tu-104B,CCCP-42506,108 - 108,108 - 108
1973-02-10,Los herederos,An-12TB,CCCP-12967,10 - 10,10 - 10
1973-05-10,Monte Khuuta,An-2,CCCP-04340,0 - 8,0 - 8
1973-10-10,Tashauz,Li-2,CCCP-71209,5 - 5,5 - 5
1973-11-10,goris,An-2,CCCP-70880,0,0
1973-10-13,Moscú,Tu-104B,CCCP-42486,122 - 122,122 - 122
1973-10-20,Aeropuerto de Kazán,Tu-124V,CCCP-45031,0,0
1973-10-25,nyrob,An-2R,CCCP-01609,0,0
1973-10-27,Kolpashevo,An-2P,CCCP-70408,0,0
1973-02-11,Moscú,Yak-40,CCCP-87607,2 - 31,2 - 31
1973-04-11,Kirensk,An-2,CCCP-41978,0,0
1973-07-12,Moscú,Tu-104B,CCCP-42503,16 - 75,16 - 75
1973-12-16,Karacharovo,Tu-124V,CCCP-45061,51 - 51,51 - 51
1973-12-19,sanatorio,An-2R,CCCP-40521,2 - 2,2 - 2
1973-12-21,Ereván,Yak-40,CCCP-87629,0,0
1973-12-23,Vynnyky,Tu-124V,CCCP-45044,17 - 17,17 - 17
1973-12-24,Lago Khantaiskoye,An-2V,CCCP-32448,1 - 2,1 - 2
1970-01-01,Antártida,Li-2,CCCP-04342,0,0
1974-06-01,Mukachevo,An-24B,CCCP-46357,24 - 24,24 - 24
1974-01-22,Distrito de Yegorlykskaya,An-2R,CCCP-33225,2 - 2,2 - 2
1974-01-25,Rostov del Don,An-24B,CCCP-46277,4 - 4,4 - 4
1974-05-02,Majachkalá,An-2R,CCCP-01579,0,0
1974-03-22,Aeropuerto de Kírov,Li-2,CCCP-73960,3 - 9,3 - 9
1974-06-04,a Ust Kuy,el era 14p,CCCP-52053,0 - 18,0 - 18
1974-09-04,Kazán,Yak-40,CCCP-87369,0 - 34,0 - 34
1974-04-16,Kutaisi,An-2,CCCP-33085,0,0
1974-04-27,Leningrado,He-18V,CCCP-75559,109 - 109[nota 6],109 - 109[nota 6]
1974-01-05,Polo Norte-22,An-12B,CCCP-12950,1 - 16,1 - 16
1974-02-05,Rostov del Don,Yak-40,CCCP-87398,1 - 38,1 - 38
1974-09-05,ivan frankovsk,He-18V,CCCP-75425,0 - 75,0 - 75
1974-05-13,Crimea,An-2,CCCP-23664,0,0
1974-05-19,Región de Samarcanda,An-2SX,CCCP-25487,0,0
1974-05-23,kiev,Yak-40,CCCP-87579,29 - 29,29 - 29
1974-06-24,Tashkent,Il-18E,CCCP-75405,1 - 115,1 - 115
1974-06-29,Demidovo,An-2M,CCCP-02383,1 - 1,1 - 1
1974-04-07,Aeropuerto de Usinsk,An-2,CCCP-92836,2 - 2,2 - 2
1974-07-27,Sasovo,An-2TP,CCCP-35029,3 - 3,3 - 3
1974-08-28,Andryushkino,An-2V,CCCP-04302,0,0
1974-10-18,Yeniseysk,An-12B,CCCP-11030,1 - 12,1 - 12
1974-01-11,Surgut,An-2,CCCP-70766,14 - 14,14 - 14
1974-05-11,siéntate,Tu-104B,CCCP-42501,0,0
1974-05-11,Aeropuerto de Aleksandrovskoye,An-2TP,CCCP-91730,0,0
1974-11-14,kiev,Il-14M,CCCP-91515,6 - 6,6 - 6
1974-04-12,Irkutsk,An-12B,CCCP-12985,0,0
1970-01-01,No especificado,An-2R,CCCP-49342,13 - 13,13 - 13
1974-08-12,región de kiev,An-2R,CCCP-05783,0,0
1974-09-12,Kirensk,An-2T,CCCP-44917,0,0
1974-12-14,Bujara,Yak-40,CCCP-87630,7 - 19,7 - 19
1974-12-24,Baturino,An-2,CCCP-15890,1 - 3,1 - 3
1974-12-27,Jabárovsk,An-2R,CCCP-06911,0,0
1970-01-01,Desconocido,An-2R,CCCP-09233,0,0
1975-01-16,sam neua,An-2P,CCCP-70417,12 - 12,12 - 12
1975-01-28,Aeropuerto de Zaporozhye,Yak-40,CCCP-87825,0 - 17,0 - 17
1975-12-02,Krasnoyarsk,He-18V,CCCP-75801,0,0
1975-04-15,Omsk,An-2TP,CCCP-70177,13 - 14,13 - 14
1975-04-28,Póltava,An-24RV,CCCP-46476,0 - 11,0 - 11
1975-04-30,Tambov,An-2SX,CCCP-06444,0 - 2,0 - 2
1975-05-18,Birobidzhán,An-2R,CCCP-70426,0,0
1975-05-19,mestia,An-2T,CCCP-07960,0,0
1975-05-20,Desconocido,An-2,CCCP-43908,0,0
1975-06-19,Markovo,An-2T,CCCP-41932,0,0
1975-06-28,Karagandá,An-2T,CCCP-02132,0,0
1975-07-15,Batumi,Yak-40,CCCP-87475,40 - 40,40 - 40
1975-07-23,Termez,An-2R,CCCP-70235,0,0
1975-09-08,de Bagdari,Il-14M,CCCP-52056,11 - 11,11 - 11
1975-08-15,Krasnovodsk,Yak-40,CCCP-87323,23 - 28,23 - 28
1975-08-30,Región de Mogilev,An-2R,CCCP-70506,4 - 4,4 - 4
1975-08-30,Novosibirsk,Tu-104B,CCCP-42472,0,0
1975-09-18,Fuerade Turukhansk,An-2V,CCCP-98302,3 - 3,3 - 3
1975-06-10,Kírov,Yak-40,CCCP-87328,0,0
1975-10-22,Nóvgorod,Yak-40,CCCP-87458,11,11
1975-11-17,Puedes,An-24RV,CCCP-46467,38 - 38,38 - 38
1975-11-20,Járkov,An-24B,CCCP-46349,19 - 50,19 - 50
1975-10-12,serafimovich,An-2R,CCCP-23691,0,0
1975-12-13,Nizhneangarsk,An-2R,CCCP-49280,0,0
1975-12-15,Ferganá,An-12B,CCCP-11005,0,0
1970-01-01,kiev,Tu-154,CCCP-85020,0,0
1970-01-01,kiev,Tu-104A,CCCP-42371,0,0
1970-01-01,Desconocido,An-12B,CCCP-11103,0,0
1976-03-01,Sanino,Tu-124V,CCCP-45037,61 - 61,61 - 61
1976-01-13,Leningrado,An-24B,CCCP-47280,0 - 45,0 - 45
1976-01-30,Aeropuerto de Frunze,He-18V,CCCP-75558,6 - 6,6 - 6
1976-09-02,Irkutsk,Tu-104A,CCCP-42327,24 - 115,24 - 115
1976-06-03,Verkhnyaya Khava,Il-18E,CCCP-75408,111 - 111,111 - 111
1976-10-03,Aeropuerto de Sarátov,An-24RV,CCCP-46613,0,0
1976-03-24,Aeropuerto de Asjabad,Los 14 LIK,CCCP-61756,6 - 6,6 - 6
1976-11-04,Kazachinsk,An-2TP,CCCP-09675,0,0
1976-04-17,kursk,An-2SX,CCCP-33170,0,0
1976-04-22,Tula,An-2R,CCCP-01626,0,0
1976-05-15,Chernigov,An-24RV,CCCP-46534,52 - 52,52 - 52
1976-05-16,Semipalatinsk,An-2SX,CCCP-79935,1 - 1,1 - 1
1976-05-19,Alaverdi,An-2R,CCCP-03547,0,0
1976-01-06,isla de bio,Tu-154A,CCCP-85102,45 - 45,45 - 45
1976-02-06,Osokorka,Yak-40,CCCP-87541,0,0
1976-09-06,Aves,An-2,CCCP-23743,0,0
1976-12-06,Nizhnevartovsk,An-2R,CCCP-32464,0,0
1976-06-20,Engels,An-2R,CCCP-70819,2 - 2,2 - 2
1976-06-26,Kazán,An-2,CCCP-70764,1,1
1976-06-27,Distrito de Komsomolsky,An-2R,CCCP-70481,1 - 1,1 - 1
1976-06-30,Distrito de Valikhanovskiy,An-2R,CCCP-70531,3 - 3,3 - 3
1976-11-07,Laguna de Sivash,An-2,CCCP-62439,0,0
1976-07-15,Barnaúl,An-2P,CCCP-05840,0,0
1976-07-17,Aeropuerto de Chitá,Tu-104A,CCCP-42335,0 - 117,0 - 117
1976-07-23,Sokolskoye,An-2R,CCCP-35088,0,0
1976-07-26,Astracán,An-2R,CCCP-07285,0,0
1976-03-08,Popovka,An-2R,CCCP-70190,0,0
1976-08-13,Aeropuerto de Guryev,An-24B,CCCP-47734,0 - 43,0 - 43
1976-08-27,Beryozovo,An-2V,CCCP-79852,0,0
1976-09-09,Mar Negro,An-24RV,CCCP-46518,64 - 64,64 - 64
1970-01-01,No especificado,Yak-40,CCCP-87772,0,0
1976-09-26,Novosibirsk,An-2,CCCP-79868,5,5
1976-02-10,Khoito-Gol,An-2T,CCCP-01226,0,0
1976-10-30,Aeropuerto de Taskent,He-18V,CCCP-75575,0 - 97,0 - 97
1976-11-28,Moscú,Tu-104B,CCCP-42471,72 - 72,72 - 72
1976-07-12,Armavir,Yak-40,CCCP-87756,0 - 29,0 - 29
1976-12-16,Zaporozhye,Yak-40,CCCP-87638,5 - 5,5 - 5
1976-12-17,Ust-Kut,Yak-40,CCCP-88208,7 - 7,7 - 7
1976-12-17,kiev,An-24,CCCP-46722,48 - 55,48 - 55
1976-12-18,Yuzhno-Sakhalinsk,Il-14RR,CCCP-61752,8 - 10,8 - 10
1977-01-13,Almatý,Tu-104A,CCCP-42369,96 - 96,96 - 96
1977-02-15,Mineralnye Vody,He-18V,CCCP-75520,77 - 77,77 - 77
1977-06-03,Desconocido,An-2TP,CCCP-40572,0,0
1977-03-18,Farish,An-2R,CCCP-09191,2 - 2,2 - 2
1977-03-30,Zhdánov,Yak-40,CCCP-87738,8 - 27,8 - 27
1977-05-04,mella,El 14 FKM,CCCP-61675,6 - 6,6 - 6
1977-07-05,Tavda,An-2,CCCP-15925,0,0
1970-01-01,No especificado,An-2,CCCP-44992,0,0
1977-07-05,Pista de aterrizaje de Ayanka,An-2T,CCCP-23716,4 - 4,4 - 4
1977-05-27,la Habana,El 62M,CCCP-86614,69,69
1977-10-06,Bujara,An-2R,CCCP-55735,0,0
1977-08-07,Fueradel aeropuerto de Sujumi,An-24RV,CCCP-46847,6 - 7,6 - 7
1977-10-07,Aeropuerto de Helsinki,Tu-134,CCCP-65639,0,0
1977-07-14,Jabárovsk,An-2R,CCCP-55723,0,0
1977-07-19,Alamedin,An-2R,CCCP-15274,0,0
1977-07-20,Vitamina,el tenia 14m,CCCP-52096,39 - 40,39 - 40
1977-07-21,Reino,An-2R,CCCP-44617,0,0
1977-02-08,Pista de aterrizaje de Barysh,An-2TP,CCCP-29316,0 - 24,0 - 24
1977-08-18,a Ust Kuy,An-26,CCCP-26536,0,0
1977-08-29,Omolón,An-2T,CCCP-01250,0,0
1977-08-30,Jurbarkas,An-2,CCCP-32032,0,0
1977-08-31,Otrado-Olginski,An-2R,CCCP-32180,2 - 2,2 - 2
1977-09-27,Región de Samarcanda,An-2R,CCCP-33254,0,0
1977-10-18,Srednekolymsk,An-2T,CCCP-55625,0,0
1977-10-27,Cabo Chelyuskin,Il-14M,CCCP-04195,0,0
1977-11-28,Pulcro,An-2R,CCCP-70629,0,0
1977-09-12,Trampa-Venta,An-24RV,CCCP-47695,17 - 23,17 - 23
1977-12-19,Podkopayevo,An-2TP,CCCP-09696,0,0
1977-12-20,Ujta,An-2P,CCCP-07471,0,0
1977-12-23,Ekim-chan,An-2R,CCCP-02708,0,0
1970-01-01,Desconocido,An-12BP,CCCP-11125,0,0
1970-01-01,Budionnovsk,An-24B,CCCP-46350,0,0
1978-01-02,Hermoso,An-2TP,CCCP-40570,0,0
1978-02-18,Novosibirsk,Tu-154A,CCCP-85087,0,0
1978-04-04,Muryuk,An-2T,CCCP-13716,0,0
1978-08-04,Aeropuerto de Aldán,Yak-40,CCCP-87911,0 - 17,0 - 17
1978-01-05,Ufá,An-2R,CCCP-01367,0,0
1978-06-05,Asjabad,Il-18,Desconocido,1,1
1978-07-05,Karnaukhovskiy,An-2R,CCCP-70493,3 - 3,3 - 3
1978-05-19,Acidez,Tu-154B,CCCP-85169,4 - 134,4 - 134
1978-05-29,Pasta,An-2P,CCCP-35188,0 - 5,0 - 5
1978-06-18,Desconocido,An-2R,CCCP-02846,0,0
1978-06-25,Vladivostok,An-2R,CCCP-09616,0,0
1978-11-07,Majachkalá,An-2T,CCCP-79968,0,0
1978-08-16,Defecto,An-2TP,CCCP-40545,0,0
1978-08-09,Yablunivka,An-2R,CCCP-35112,2 - 2,2 - 2
1978-09-23,Novoaleksándrovsk,An-2R,CCCP-32079,3 - 3,3 - 3
1978-09-29,Ulán Bator,An-2R,CCCP-07278,0,0
1978-02-10,Tiflis,Yak-40,CCCP-87544,0 - 30,0 - 30
1978-07-10,Sverdlovsk,Yak-40,CCCP-87437,38 - 38,38 - 38
1978-10-13,María,An-2R,CCCP-32515,0,0
1978-10-17,Lanovtsi,An-2R,CCCP-32599,2 - 2,2 - 2
1978-10-18,Nizhnevartovsk,An-2P,CCCP-02457,0,0
1978-10-23,Sivash,An-24B,CCCP-46327,26 - 26,26 - 26
1978-10-11,Aeropuerto de Makhachkalá,An-24B,CCCP-46789,1,1
1978-11-14,Estocolmo,Tu-154B-1,CCCP-85286,0 - 74,0 - 74
1978-11-30,Desconocido,Desconocido,Desconocido,1,1
1978-09-12,Cherskiy,An-26,CCCP-26547,7 - 7,7 - 7
1978-12-19,Samarcanda,An-24B,CCCP-46299,5 - 5,5 - 5
1970-01-01,Desconocido,Tu-154B,CCCP-85131,0,0
1979-02-01,Estación Molodezhnaya,El 14 FKM,CCCP-04193,3 - 14,3 - 14
1979-01-15,Minsk,An-24B,CCCP-46807,13 - 14,13 - 14
1979-01-18,Bélgorod,L-410M,CCCP-67210,3 - 3,3 - 3
1979-12-03,Desconocido,An-2TP,CCCP-40594,0,0
1979-03-17,Moscú,Tu-104B,CCCP-42444,58 - 119,58 - 119
1979-03-20,Chardzou,Yak-40K,CCCP-87930,0 - 34,0 - 34
1979-03-22,liepaja,Tu-134A,CCCP-65031,4 - 5,4 - 5
1979-03-26,kit de limpieza,An-26,CCCP-26569,4 - 12,4 - 12
1979-10-05,Sochi,El 18D,CCCP-75414,0 - 79,0 - 79
1979-10-05,Svidovets,An-2R,CCCP-06330,0,0
1979-05-19,Ufá,Tu-134A,CCCP-65839,0 - 89,0 - 89
1979-05-31,Tiumén,Tu-134A,CCCP-65649,0,0
1979-06-16,Petropávlovsk-Kamchatski,An-2T,CCCP-44920,0 - 1,0 - 1
1979-03-07,Krásnaya Poliana,An-2M,CCCP-02330,0,0
1979-03-08,Leningrado,L-410M,CCCP-67206,10 - 14,10 - 14
1979-11-08,Dneprodzerzhinsk,Tu-134AK,CCCP-65735,178 - 178,178 - 178
1970-01-01,No especificado,Tu-134A,CCCP-65816,0,0
1979-08-24,Yeniseysk,An-12TB,CCCP-12963,11 - 16,11 - 16
1979-08-29,Kirsanov,Tu-124V,CCCP-45038,63 - 63,63 - 63
1979-03-09,amderma,An-24B,CCCP-46269,40 - 43,40 - 43
1979-09-20,Aeródromo de Malyushin,An-2R,CCCP-56413,0,0
1979-10-13,Desconocido,An-2R,CCCP-70805,0,0
1979-10-27,Lensk,An-2TP,CCCP-32322,3 - 12,3 - 12
1979-10-30,Fuera de Dinamarca,Il-14M,CCCP-61683,0 - 0,0 - 0
1979-11-16,Vólogda,Yak-40,CCCP-87454,3 - 5,3 - 5
1980-01-03,Oremburgo,Tu-154A,CCCP-85103,0 - 161,0 - 161
1980-03-04,Aeropuerto de Aldán,An-2,CCCP-16027,0,0
1980-04-13,Mar de Kara,An-2T,CCCP-62479,0,0
1980-04-14,Krasnoyarsk,An-24B,CCCP-47732,2 - 50,2 - 50
1980-04-18,Aeropuerto de Bíkovo,An-24B,CCCP-46220,0 - 47,0 - 47
1980-12-06,Fuera deDushanbe,Yak-40,CCCP-87689,29 - 29,29 - 29
1980-08-07,Almatý,Tu-154B-2,CCCP-85355,163 - 163,163 - 163
1980-07-18,Aeropuerto de Talaghy,Yak-40,CCCP-87793,0 - 27,0 - 27
1980-09-15,Berezník,Il-14P,CCCP-41831,0 - 20,0 - 20
1980-08-10,siéntate,Tu-154B-2,CCCP-85321,0 - 184,0 - 184
1980-10-28,Kabul,An-12B,CCCP-11104,6 - 6,6 - 6
1981-06-01,Sochi,Tu-134A,CCCP-65698,0,0
1981-07-02,Leningrado,Tu-104A,CCCP-42332,50 - 50,50 - 50
1981-12-02,Estación Krenkel,Il-14T,CCCP-04188,2 - 13,2 - 13
1981-02-18,Desconocido,L-410M,CCCP-67273,0,0
1981-04-28,Lazo,An-2TP,CCCP-92864,12 - 12,12 - 12
1981-03-05,Vosjod,An-2R,CCCP-70836,2 - 3,2 - 3
1981-05-21,Desconocido,An-2,CCCP-35198,0,0
1981-07-06,Región de Voroshilovgrad,An-2R,CCCP-02357,0,0
1981-06-13,bratsk,Tu-154,CCCP-85029,0,0
1981-06-13,Dulce,An-2R,CCCP-07712,2 - 2,2 - 2
1981-06-14,Ust-Barguzin,Il-14M,CCCP-41838,48 - 48,48 - 48
1981-06-28,Simferópol,Tu-134A,CCCP-65871,0,0
1981-07-15,Bodaybó,An-2T,CCCP-01883,0 - 2,0 - 2
1981-07-30,Región de Shymkent,An-2R,CCCP-07422,0,0
1981-01-08,Isla Utichiy,Il-14M,CCCP-91517,11 - 11,11 - 11
1981-08-24,Fuerade Zavitinsk,An-24RV,CCCP-46653,37,37
1981-08-29,Zeya,Yak-40,CCCP-87346,3 - 34,3 - 34
1981-08-09,Aeropuerto de Taskent,Tu-154B-2,CCCP-85448,0,0
1981-09-09,Región de Namangán,An-2R,CCCP-07601,0,0
1981-09-13,Sarátov,An-2R,CCCP-32475,0,0
1981-09-16,Distrito de Bulunsky,An-2TP,CCCP-40523,0 - 2,0 - 2
1981-09-18,Zheleznogorsk-Ilimsky,Yak-40,CCCP-87455,40,40
1981-11-16,Norilsk,Tu-154B-2,CCCP-85480,99 - 167,99 - 167
1981-11-26,Ust Kulom,An-2P,CCCP-01808,15 - 15,15 - 15
1970-01-01,No especificado,An-2TP,CCCP-40564,0 - 15,0 - 15
1981-06-12,Aeropuerto de Sheremétievo,El 62M,CCCP-86508,0,0
1981-12-18,Diputado,An-2TP,CCCP-92858,0,0
1981-12-23,Yeniseysk,An-26,CCCP-26505,2,2
1982-07-01,Gelendzhik,L-410M,CCCP-67290,18 - 18,18 - 18
1982-01-16,Shevchenko,Yak-40,CCCP-87902,0 - 3,0 - 3
1982-10-02,Yakutsk,L-410M,CCCP-67237,0 - 0,0 - 0
1982-11-04,Desconocido,An-2T,CCCP-62489,0,0
1982-04-24,Novy Urengöy,An-12B,CCCP-11107,0 - 7,0 - 7
1982-07-05,Tarea,An-2,CCCP-02183,5 - 5,5 - 5
1982-11-05,Sputendorf,An-2R,CCCP-07399,0,0
1982-05-31,Dnepropetrovsk,Yak-40,CCCP-87485,0 - 35,0 - 35
1982-03-06,Polevoye,An-2R,CCCP-40736,0,0
1982-04-06,Dvoinovski,An-2R,CCCP-62640,0,0
1982-11-06,Krasnoarmeiskaya,An-2R,CCCP-56431,0,0
1982-06-28,Mozyr,Yak-42,CCCP-42529,132 - 132,132 - 132
1982-06-07,Moscú,El 62M,CCCP-86513,90 - 90,90 - 90
1982-07-16,República de Sajá,An-2,CCCP-15970,0 - 3,0 - 3
1982-08-14,Sujumi,Tu-134A,CCCP-65836,0,0
1970-01-01,No especificado,L-410M,CCCP-67191,11 - 11,11 - 11
1982-08-19,Abajo,An-2R,CCCP-70446,0,0
1982-09-09,Khorezm,An-2R,CCCP-62663,0 - 2,0 - 2
1982-09-09,Presuntamente,An-2R,CCCP-70563,0,0
1982-09-28,Región de Shymkent,An-2R,CCCP-44628,0,0
1982-09-29,luxemburgo,El 62M,CCCP-86470,7 - 77,7 - 77
1982-11-18,Región de Dnepropetrovsk,An-2R,CCCP-54883,0,0
1982-12-16,Sakhanskiy,An-24B,CCCP-46567,0 - 27,0 - 27
1982-12-23,Rostov del Don,An-26,CCCP-26627,16 - 16,16 - 16
1983-07-02,Distrito de Preobrazhenskaya,An-2TP,CCCP-32320,0,0
1983-02-23,Región de Cherkasy,An-2R,CCCP-84571,0,0
1983-03-29,Puedes,L-410M,CCCP-67190,6 - 18,6 - 18
1983-12-04,Aeropuerto de Minsk-1,An-26,CCCP-26686,0 - 5,0 - 5
1983-04-19,Leninakan,Yak-40,CCCP-87291,21 - 21,21 - 21
1983-04-30,Tu renuncias,An-2R,CCCP-62646,0,0
1983-04-05,Kaunas,An-2R,CCCP-35637,0,0
1983-09-05,Tavil Dara,An-2TP,CCCP-02515,0,0
1983-11-05,Gracias,An-2R,CCCP-70057,0,0
1983-05-15,Kubitet,An-2R,CCCP-02877,0,0
1983-05-25,Shiyaiski,An-2R,CCCP-62626,0,0
1983-06-17,Puedes,Tu-134A,CCCP-65657,0,0
1983-06-29,Kazarmán,Yak-40,CCCP-87808,0 - 9,0 - 9
1983-04-07,mestia,An-2T,CCCP-05667,0,0
1983-05-07,Aeropuerto de Púlkovo,Tu-134,Desconocido,1,1
1983-07-20,Región de Járkov,An-2R,CCCP-70520,0,0
1983-05-08,Koslán,An-2TP,CCCP-91768,0,0
1983-12-08,Región de Odesa,An-2R,CCCP-07697,0,0
1983-08-30,Fuera de Alma-Ata,Tu-134A,CCCP-65129,90 - 90,90 - 90
1983-10-19,Base aérea de Kansk,L-410UVP,CCCP-67315,0,0
1983-11-18,Tiflis,Tu-134A,CCCP-65807,8,8
1983-12-24,Leshukonskoe,An-24RV,CCCP-46617,44 - 49,44 - 49
1970-01-01,Minsk,Tu-134A,CCCP-65095,0 - 0,0 - 0
1984-01-28,Izhevsk,An-24RV,CCCP-47310,4 - 53,4 - 53
1984-11-02,Cuenca Sul,An-12,Desconocido,0,0
1984-02-23,Vas a,An-2T,CCCP-44910,0 - 0,0 - 0
1984-06-05,Staroye Zhookovo,An-2M,CCCP-05918,0,0
1984-05-21,Región de Voroshilovgrad,An-2R,CCCP-07293,0,0
1984-06-16,Región de Odesa,An-2R,CCCP-02528,0,0
1984-06-21,Sivakovka,An-2R,CCCP-09612,0,0
1984-04-07,Aeropuerto de Chulman,L-410M,CCCP-67276,0,0
1984-05-07,Región de Kustanai,An-2R,CCCP-02878,3 - 3,3 - 3
1984-07-14,Krai de Krasnodar,An-2R,CCCP-40827,2 - 3,2 - 3
1984-07-23,Tener,An-2R,CCCP-01712,0,0
1984-07-24,Krasnoselkap,An-26B,CCCP-26009,0,0
1984-07-24,Lazurnoye,An-2T,CCCP-82909,0,0
1984-08-19,Aeropuerto de Aktyubinsk,Il-86,CCCP-86007,0,0
1984-09-16,Saaremaa,IL-14FK,CCCP-91611,0 - 10,0 - 10
1984-09-25,Aeropuerto de Sverdlovsk-Koltsovo,An-24RV,CCCP-47358,1 - 41,1 - 41
1984-04-10,Pávlodar,An-2T,CCCP-35434,0 - 6,0 - 6
1984-04-10,Sredni Kalar,An-2R,CCCP-35434,0,0
1984-11-10,Omsk,Tu-154B-1,CCCP-85243,178 - 179,178 - 179
1984-04-12,Kostromá,L-410MA,CCCP-67225,17 - 17,17 - 17
1984-12-18,Aeropuerto Verkhne Imbatskoye,An-2,CCCP-07861,0,0
1984-12-23,Krasnoyarsk,Tu-154B-2,CCCP-85338,110 - 111,110 - 111
1984-12-29,Fuera deAstracán,L-410UVP,CCCP-67140,0,0
1970-01-01,Sosnovaya Roscha,An-2TP,CCCP-32352,0,0
1985-01-24,lago bielorruso,An-2R,CCCP-19716,0,0
1985-01-02,Minsk,Tu-134AK,CCCP-65910,58 - 80,58 - 80
1985-03-25,Aeropuerto de Borogón,An-2T,CCCP-44905,0 - 3,0 - 3
1985-03-05,Zolochiv,Tu-134A,CCCP-65856,94 - 94,94 - 94
1970-01-01,No especificado,An-26,CCCP-26492,0,0
1985-11-05,Aeropuerto de Kyzyl,An-2TP,CCCP-50553,0 - 2,0 - 2
1985-05-21,estábamos solos,An-2,CCCP-04326,0 - 20,0 - 20
1985-05-29,Rzhevka,An-2R,CCCP-70218,4 - 5,4 - 5
1985-10-06,Krai de Stavropol,An-2R,CCCP-32028,2 - 3,2 - 3
1985-06-20,mamá,An-2TP,CCCP-91783,0,0
1985-06-27,Suduntui,An-2R,CCCP-84724,0,0
1985-04-07,kit de limpieza,An-2R,CCCP-55710,0,0
1985-07-07,Distrito de Krasni Yar,An-2,CCCP-06255,0 - 2,0 - 2
1985-10-07,Uchkuduk,Tu-154B-2,CCCP-85311,200 - 200,200 - 200
1985-07-15,Selitrennoye,An-2R,CCCP-55706,0 - 2,0 - 2
1985-01-09,yunkor,An-2P,CCCP-01789,0,0
1985-11-10,fuera dekutaisi,Yak-40,CCCP-87803,14 - 14,14 - 14
1985-12-19,Gannan,An-24B,CCCP-42845,0 - 51,0 - 51
1986-06-02,Saransk,An-26B,CCCP-26095,0 - 6,0 - 6
1986-02-17,Glaciar Philippi,Il-14M,CCCP-41816,6 - 6,6 - 6
1986-02-03,Bugulmá,An-24B,CCCP-46423,38 - 38,38 - 38
1986-03-30,Isla Graham Bell,Il-14,CCCP-04117,0,0
1986-04-18,Kazán,Yak-40,CCCP-87236,0,0
1986-04-18,Aeropuerto de Chitá,Yak-40,CCCP-87301,0 - 32,0 - 32
1986-05-13,Ledovaya Baza,An-12TB,CCCP-12962,0,0
1986-05-17,Fuerade Khanty-Mansiysk,Yak-40,CCCP-87928,5 - 5,5 - 5
1986-05-21,Moscú,Tu-154B-2,CCCP-85327,0,0
1986-06-06,sangar,An-2TP,CCCP-29348,0 - 10,0 - 10
1986-06-22,bastante,Tu-134A,CCCP-65142,1 - 59,1 - 59
1986-02-07,botones,Tu-134AK,CCCP-65120,54 - 92,54 - 92
1986-11-07,Desconocido,An-2R,CCCP-70124,0,0
1986-11-08,Montaña Konder,An-2R,CCCP-40902,2 - 4,2 - 4
1986-09-20,Aeropuerto de Ufá,Tu-134,Desconocido,4 - 78,4 - 78
1986-09-01,Moscú,Yak-42,CCCP-42536,0,0
1986-09-10,Vas a,An-2R,CCCP-02592,0,0
1986-10-14,Aeropuerto de Ust-Maya,L-410M,CCCP-67264,14 - 14,14 - 14
1986-10-20,Kuybyshev,Tu-134A,CCCP-65766,70 - 92,70 - 92
1986-12-12,Berlín Este,Tu-134A,CCCP-65795,72 - 82,72 - 82
1986-12-31,Chernenko,L-410UVP,CCCP-67428,0,0
1987-01-16,Tashkent,Yak-40,CCCP-87618,9 - 9,9 - 9
1987-01-25,Aeropuerto de Tarnogsky Gorodok,Yak-40,CCCP-87696,0 - 26,0 - 26
1987-07-02,Sverdlovsk,An-12TB,CCCP-11378,0,0
1987-06-03,Fuera de Alma-Ata,An-26,CCCP-26007,9 - 9,9 - 9
1987-04-24,océano Ártico,An-2,CCCP-62566,0,0
1987-04-01,Desconocido,An-2R,CCCP-56436,0,0
1987-05-23,Khandyga,An-26,CCCP-26567,0,0
1987-05-27,Östergarnsholm,An-2R,CCCP-70501,0 - 1,0 - 1
1987-06-13,Desconocido,L-410M,CCCP-67239,0,0
1987-06-19,Berdyansk,Yak-40,CCCP-87826,8 - 29,8 - 29
1987-07-20,Desconocido,An-2TP,CCCP-40556,0,0
1987-07-21,Desconocido,An-2TP,CCCP-02763,0,0
1987-07-23,Ivánovo,Tu-134A-3,CCCP-65874,0,0
1987-08-14,UH no,An-28,CCCP-28741,0,0
1987-08-22,Novosibirsk,An-2R,CCCP-01641,0 - 14,0 - 14
1987-08-28,Alisovo,An-2,Desconocido,0 - 2,0 - 2
1987-07-09,Omsk,An-12TB,CCCP-12971,0,0
1987-09-24,Yakutsk,L-410MU,CCCP-67249,0,0
1987-10-18,Sarátov,L-410UVP,CCCP-67334,0,0
1987-12-15,Piatigorsk,An-2R,CCCP-06324,0,0
1988-01-18,Krasnovodsk,Tu-154B-1,CCCP-85254,11 - 143,11 - 143
1988-01-24,Nizhnevartovsk,Yak-40,CCCP-87549,27 - 31,27 - 31
1988-02-26,Saskylakh,An-2R,CCCP-01648,0,0
1988-02-27,Surgut,Tu-134AK,CCCP-65675,20 - 51,20 - 51
1988-08-03,Leningrado,Tu-154B-2,CCCP-85413,9,9
1988-04-19,de Bagdari,L-410UVP,CCCP-67518,17 - 17,17 - 17
1988-04-19,Ulán-Udé,L-410UVP,CCCP-67431,0,0
1988-09-06,Tobolsk,An-2R,CCCP-70121,2 - 2,2 - 2
1988-12-06,Alejandría,An-2TP,CCCP-32267,0 - 15,0 - 15
1988-08-07,Jabárovsk,An-24RV,CCCP-46669,0 - 46,0 - 46
1988-09-07,Desconocido,An-2P,CCCP-07791,0,0
1988-07-22,Desconocido,An-2,Desconocido,0,0
1988-12-08,Desconocido,An-2R,CCCP-35677,0,0
1988-08-26,quistes,An-2P,CCCP-01788,1 - 4,1 - 4
1988-08-26,Irkutsk,L-410MU,CCCP-67235,4 - 4,4 - 4
1988-09-21,Aiykán,An-2TP,CCCP-70848,2 - 2,2 - 2
1988-09-24,Alepo,Tu-154B-2,CCCP-85479,0 - 168,0 - 168
1988-09-24,Desconocido,An-2R,CCCP-84657,0,0
1988-04-10,Mucho,An-12BP,CCCP-11418,6 - 6,6 - 6
1988-10-14,Desconocido,An-2R,CCCP-32612,0,0
1988-10-31,Plaga de la tumba[nb 8],An-2TP,CCCP-32325,0,0
1988-07-12,codeniense,L-410UVP,CCCP-67127,6 - 14,6 - 14
1988-12-13,Naryan-Mar,An-2R,CCCP-06266,0,0
1970-01-01,Tver-Smeevo,An-2R,CCCP-70087,0,0
1989-01-13,Sverdlovsk,An-12B,CCCP-12997,0,0
1989-01-13,Monrovia,Tu-154S,CCCP-85067,0,0
1989-01-26,Estación polar Mirny,tenia 14pt,CCCP-52066,3,3
1989-04-22,tártaro,An-2R,CCCP-70080,0 - 3,0 - 3
1989-01-05,Sechenovo,An-2R,CCCP-70225,5 - 5,5 - 5
1989-11-05,Dolbizno,An-2R,CCCP-54891,4 - 4,4 - 4
1989-06-07,Cabo Schmidt,Il-14M,CCCP-61788,0,0
1989-07-19,Isla Talovrow,An-26,CCCP-26685,10 - 10,10 - 10
1989-08-14,neryungri,Yak-40,CCCP-88252,0,0
1989-08-28,Labinsk,L-410UVP,CCCP-67104,0 - 17,0 - 17
1989-02-09,Biskek,Yak-40,CCCP-87509,0,0
1989-09-15,Jhalal Abad,Yak-40,CCCP-87391,0 - 30,0 - 30
1989-02-10,Yar-Venta,An-2T,CCCP-33078,0,0
1989-04-10,Stepnogorsk,An-24RV,CCCP-46525,0 - 51,0 - 51
1989-10-20,Leninakan,Il-76TD,CCCP-76466,25 - 25,25 - 25
1989-11-21,Tiumén,An-24B,CCCP-46335,34 - 42,34 - 42
1989-11-24,Dzhambul,An-2,CCCP-44953,1 - 12,1 - 12
1970-01-01,Desconocido,An-2P,CCCP-07308,5 - 5,5 - 5
1990-01-13,Pervouralsk,Tu-134A,CCCP-65951,27 - 71,27 - 71
1990-02-20,Siauliai,An-2R,CCCP-56472,0,0
1990-03-16,Aeropuerto de Chitá,An-28,CCCP-28702,0,0
1990-03-27,Kabul,Il-76MD,CCCP-78781,11 - 11,11 - 11
1990-04-13,Uelen,An-2T,CCCP-04355,1 - 6,1 - 6
1990-02-06,Kenkiyak,An-24B,CCCP-46551,0 - 33,0 - 33
1990-12-06,Kabul,Il-76MD,CCCP-86905,0 - 10,0 - 10
1990-06-26,Shurma,An-2R,CCCP-19730,3 - 3,3 - 3
1990-01-07,Yakutsk,El 62M,CCCP-86456,0 - 109,0 - 109
1990-07-19,Desconocido,An-2,CCCP-40861,0,0
1990-01-08,Agdam,Yak-40,CCCP-87453,46 - 46,46 - 46
1990-12-08,Desconocido,An-2,CCCP-62407,0,0
1990-08-18,Rushan,An-28,CCCP-28761,0,0
1990-09-09,Pávlodar,Yak-40,CCCP-87451,0,0
1970-01-01,No especificado,Yak-40K,CCCP-87914,0 - 22,0 - 22
1990-12-09,Rushan,El 14LIK-1,CCCP-41803,0,0
1990-09-14,Sverdlovsk,Yak-42,CCCP-42351,4 - 129,4 - 129
1990-12-10,Odesa,L-410UVP,CCCP-67331,0 - 15,0 - 15
1990-10-20,Kutaisi,Tu-154B-1,CCCP-85268,0 - 171,0 - 171
1990-02-11,nyurba,An-26B,CCCP-26038,0,0
1990-11-17,velichovki,Tu-154M,CCCP-85664,0 - 6,0 - 6
1990-11-21,Aeropuerto de Magán,Il-62,CCCP-86613,0 - 189,0 - 189
1990-11-30,Aeropuerto de Dikson,Yak-40K,CCCP-87394,0 - 35,0 - 35
1990-12-14,Aeropuerto de Shakhtersk,An-24B,CCCP-47164,0 - 43,0 - 43
1970-01-01,Estación polar Mirny,Il-14,CCCP-41807,0,0
1991-04-03,Leningrado,An-24,Desconocido,1 - 26,1 - 26
1991-03-23,navoi,An-24RV,CCCP-46472,34 - 63,34 - 63
1991-05-23,Leningrado,Tu-154B-1,CCCP-85097,15 - 178,15 - 178
1991-06-24,Radolnoe,An-2R,CCCP-31423,3 - 3,3 - 3
1991-06-25,Rakovka,An-2,Desconocido,3 - 3,3 - 3
1991-08-21,polini osipenko,L-410UVP,CCCP-67091,0 - 14,0 - 14
1991-08-27,Fuerade Guriev,L-410UVP,CCCP-67099,0 - 6,0 - 6
1991-09-27,Los herederos,L-410UVP,CCCP-67538,0,0
1991-03-10,Aeropuerto de Cazombó,An-12BP,CCCP-11120,0,0
1991-10-23,Shelopugino,An-28,CCCP-28924,0 - 13,0 - 13
1991-07-11,Majachkalá,Yak-40,CCCP-87526,51 - 51,51 - 51
1991-08-11,Mucho,An-2T,CCCP-79948,0 - 0,0 - 0
1991-11-21,Jodzavend,Yak-40,Desconocido,20,20
1991-11-22,Yartsevo,An-2TP,CCCP-40596,0,0
1991-11-23,Pista de aterrizaje KS-7,An-2R,CCCP-81545,2 - 4,2 - 4
1991-11-26,Bugulmá,An-24RV,CCCP-47823,42 - 42[nota 3],42 - 42[nota 3]
1991-08-12,Desconocido,An-2T,CCCP-33137,0,0
1991-12-30,Aeropuerto de Velsk,Yak-40,CCCP-87521,0 - 25,0 - 25
1992-03-01,Lyakhsh,An-28,CCCP-28706,0,0
1992-01-24,Batumi,Tu-134A,CCCP-65053,0,0
1992-09-02,Atirau,An-24B,CCCP-46816,0 - 49,0 - 49
1992-03-30,Swarupnagar,An-26,CCCP-26154,0 - 7,0 - 7
1992-07-06,Moscú,Tu-154,Desconocido,1 - 115,1 - 115
1992-06-19,bratsk,Tu-154B-1,CCCP-85282,0 - 0,0 - 0
1970-01-01,No especificado,Tu-154B-1,CCCP-85234,0,0
1992-06-21,Poltavskiy,An-2R,CCCP-32544,0,0
1992-08-07,ucranio,An-2R,CCCP-07816,0,0
1992-08-23,Zúrich,Tu-154M,CCCP-85670,0 - 145,0 - 145
1992-08-27,Ivánovo,Tu-134A,CCCP-65058,84 - 84,84 - 84
1992-08-29,Járkov,Tu-134A-3,CCCP-65810,0 - 58,0 - 58
1992-09-21,Pista de aterrizaje de Kalga,An-2PF,CCCP-32596,0,0
1992-10-13,Vladivostok,Tu-154B-2,CCCP-85528,0 - 67,0 - 67
1992-10-14,Kostanay,An-2R,CCCP-07840,0 - 3,0 - 3
1992-10-19,UH no,An-28,CCCP-28785,15 - 16,15 - 16
1992-07-11,Moscú,El 62M,RA-86703,0,0
1992-05-12,Ereván,Tu-154A,CCCP-85105,0 - 154,0 - 154
1993-01-30,Desconocido,An-2R,CCCP-40479,0,0
1993-09-26,Novoalekseevskaya,An-2R,RA-68150,0,0
1993-12-22,Fuera deUray,An-2TP,RA-01410,0 - 10,0 - 10
1993-12-25,Grozni,Tu-154B-2,RA-85296,0 - 172,0 - 172
1994-08-02,Aves,An-12B,CCCP-11340,0 - 11,0 - 11
1994-08-03,Delhi,Il-86,RA-86119,9,9
1994-03-23,Mezhdurechensk,A310-300,F-OGQS,75 - 75,75 - 75
1994-07-05,Arcángel,Tu-134A-3,RA-65976,0 - 62,0 - 62
1994-05-24,Oktyabrsky,An-2P,RA-07730,0,0
1994-06-25,Kirensk,An-2P,RA-70263,0 - 8,0 - 8
1994-07-14,Blagovéshchensk,L-410UVP,RA-67470,0 - 14,0 - 14
1994-11-30,Grozni,Tu-134A-3,65858,0 - 0,0 - 0
1996-08-10,San Francisco al Campo,An-124-100,RA-82069,4 - 23,4 - 23
1970-01-01,Aeropuerto de Sheremétievo,Il-86,RA-86080,0,0
1998-11-11,Anclaje,El 62M,RA-86564,0 - 12,0 - 12
2001-09-21,aeropuerto de Duba,Ilyushin Il-86,RA-86074,0 - 322,0 - 322
2008-06-30,aeropuerto de Pulkovo,Tupolev Tu-154,RA-85667,0 - 112,0 - 112
2008-09-14,aeropuerto de Perm,Boeing 737-505,VP-BKO,88 - 88,88 - 88
2009-03-06,Simferopol,Boeing 737-500,VP-BXM,0,0
2014-03-06,Aeropuerto Internacional Sheremetyevo,Ilyushin Il-96,RA-96010,0,0
2017-03-01,aeropuerto de Khrabrovo,Airbus A321,VP-BES,0,0
2019-05-05,Aeropuerto Internacional Sheremetyevo,Sukhoi Superjet 100,RA-89098,41 - 78,41 - 78
